Metodo,Ruta,Controlador,MetodoControlador,Modulo,Servicio,Tabla,OperacionTabla,Relacion
GET,/api/alerta,"App\Modulos\Alerta\Controllers\AlertaController",ListarAlertas,ALERTA,AlertaService,ALERTA,RW,HEURISTICO_MODULO
GET,/api/alerta,"App\Modulos\Alerta\Controllers\AlertaController",ListarAlertas,ALERTA,AlertaService,EXISTENCIACELDA,R,HEURISTICO_MODULO
GET,/api/alerta,"App\Modulos\Alerta\Controllers\AlertaController",ListarAlertas,ALERTA,AlertaService,REGLAALERTA,RW,HEURISTICO_MODULO
GET,/api/alerta,"App\Modulos\Alerta\Controllers\AlertaController",ListarAlertas,ALERTA,AlertaService,TELEMETRIA,R,HEURISTICO_MODULO
GET,/api/alerta/{tnAlerta},"App\Modulos\Alerta\Controllers\AlertaController",ObtenerAlerta,ALERTA,AlertaService,ALERTA,RW,HEURISTICO_MODULO
GET,/api/alerta/{tnAlerta},"App\Modulos\Alerta\Controllers\AlertaController",ObtenerAlerta,ALERTA,AlertaService,EXISTENCIACELDA,R,HEURISTICO_MODULO
GET,/api/alerta/{tnAlerta},"App\Modulos\Alerta\Controllers\AlertaController",ObtenerAlerta,ALERTA,AlertaService,REGLAALERTA,RW,HEURISTICO_MODULO
GET,/api/alerta/{tnAlerta},"App\Modulos\Alerta\Controllers\AlertaController",ObtenerAlerta,ALERTA,AlertaService,TELEMETRIA,R,HEURISTICO_MODULO
POST,/api/alerta/{tnAlerta}/atender,"App\Modulos\Alerta\Controllers\AlertaController",AtenderAlerta,ALERTA,AlertaService,ALERTA,RW,HEURISTICO_MODULO
POST,/api/alerta/{tnAlerta}/atender,"App\Modulos\Alerta\Controllers\AlertaController",AtenderAlerta,ALERTA,AlertaService,EXISTENCIACELDA,R,HEURISTICO_MODULO
POST,/api/alerta/{tnAlerta}/atender,"App\Modulos\Alerta\Controllers\AlertaController",AtenderAlerta,ALERTA,AlertaService,REGLAALERTA,RW,HEURISTICO_MODULO
POST,/api/alerta/{tnAlerta}/atender,"App\Modulos\Alerta\Controllers\AlertaController",AtenderAlerta,ALERTA,AlertaService,TELEMETRIA,R,HEURISTICO_MODULO
POST,/api/alerta/{tnAlerta}/cerrar,"App\Modulos\Alerta\Controllers\AlertaController",CerrarAlerta,ALERTA,AlertaService,ALERTA,RW,HEURISTICO_MODULO
POST,/api/alerta/{tnAlerta}/cerrar,"App\Modulos\Alerta\Controllers\AlertaController",CerrarAlerta,ALERTA,AlertaService,EXISTENCIACELDA,R,HEURISTICO_MODULO
POST,/api/alerta/{tnAlerta}/cerrar,"App\Modulos\Alerta\Controllers\AlertaController",CerrarAlerta,ALERTA,AlertaService,REGLAALERTA,RW,HEURISTICO_MODULO
POST,/api/alerta/{tnAlerta}/cerrar,"App\Modulos\Alerta\Controllers\AlertaController",CerrarAlerta,ALERTA,AlertaService,TELEMETRIA,R,HEURISTICO_MODULO
POST,/api/alerta/{tnAlerta}/escalar,"App\Modulos\Alerta\Controllers\AlertaController",EscalarAlerta,ALERTA,AlertaService,ALERTA,RW,HEURISTICO_MODULO
POST,/api/alerta/{tnAlerta}/escalar,"App\Modulos\Alerta\Controllers\AlertaController",EscalarAlerta,ALERTA,AlertaService,EXISTENCIACELDA,R,HEURISTICO_MODULO
POST,/api/alerta/{tnAlerta}/escalar,"App\Modulos\Alerta\Controllers\AlertaController",EscalarAlerta,ALERTA,AlertaService,REGLAALERTA,RW,HEURISTICO_MODULO
POST,/api/alerta/{tnAlerta}/escalar,"App\Modulos\Alerta\Controllers\AlertaController",EscalarAlerta,ALERTA,AlertaService,TELEMETRIA,R,HEURISTICO_MODULO
GET,/api/analitica/mermas,"App\Modulos\Analitica\Controllers\AnaliticaController",Mermas,ANALITICA,AnaliticaService,EXISTENCIACELDA,R,HEURISTICO_MODULO
GET,/api/analitica/mermas,"App\Modulos\Analitica\Controllers\AnaliticaController",Mermas,ANALITICA,AnaliticaService,MERMA,R,HEURISTICO_MODULO
GET,/api/analitica/mermas,"App\Modulos\Analitica\Controllers\AnaliticaController",Mermas,ANALITICA,AnaliticaService,VENTA,R,HEURISTICO_MODULO
GET,/api/analitica/rentabilidad,"App\Modulos\Analitica\Controllers\AnaliticaController",Rentabilidad,ANALITICA,AnaliticaService,EXISTENCIACELDA,R,HEURISTICO_MODULO
GET,/api/analitica/rentabilidad,"App\Modulos\Analitica\Controllers\AnaliticaController",Rentabilidad,ANALITICA,AnaliticaService,MERMA,R,HEURISTICO_MODULO
GET,/api/analitica/rentabilidad,"App\Modulos\Analitica\Controllers\AnaliticaController",Rentabilidad,ANALITICA,AnaliticaService,VENTA,R,HEURISTICO_MODULO
GET,/api/analitica/resumen,"App\Modulos\Analitica\Controllers\AnaliticaController",Resumen,ANALITICA,AnaliticaService,EXISTENCIACELDA,R,HEURISTICO_MODULO
GET,/api/analitica/resumen,"App\Modulos\Analitica\Controllers\AnaliticaController",Resumen,ANALITICA,AnaliticaService,MERMA,R,HEURISTICO_MODULO
GET,/api/analitica/resumen,"App\Modulos\Analitica\Controllers\AnaliticaController",Resumen,ANALITICA,AnaliticaService,VENTA,R,HEURISTICO_MODULO
GET,/api/analitica/rotacion,"App\Modulos\Analitica\Controllers\AnaliticaController",Rotacion,ANALITICA,AnaliticaService,EXISTENCIACELDA,R,HEURISTICO_MODULO
GET,/api/analitica/rotacion,"App\Modulos\Analitica\Controllers\AnaliticaController",Rotacion,ANALITICA,AnaliticaService,MERMA,R,HEURISTICO_MODULO
GET,/api/analitica/rotacion,"App\Modulos\Analitica\Controllers\AnaliticaController",Rotacion,ANALITICA,AnaliticaService,VENTA,R,HEURISTICO_MODULO
GET,/api/analitica/stockout,"App\Modulos\Analitica\Controllers\AnaliticaController",Stockout,ANALITICA,AnaliticaService,EXISTENCIACELDA,R,HEURISTICO_MODULO
GET,/api/analitica/stockout,"App\Modulos\Analitica\Controllers\AnaliticaController",Stockout,ANALITICA,AnaliticaService,MERMA,R,HEURISTICO_MODULO
GET,/api/analitica/stockout,"App\Modulos\Analitica\Controllers\AnaliticaController",Stockout,ANALITICA,AnaliticaService,VENTA,R,HEURISTICO_MODULO
GET,/api/analitica/ventas,"App\Modulos\Analitica\Controllers\AnaliticaController",Ventas,ANALITICA,AnaliticaService,EXISTENCIACELDA,R,HEURISTICO_MODULO
GET,/api/analitica/ventas,"App\Modulos\Analitica\Controllers\AnaliticaController",Ventas,ANALITICA,AnaliticaService,MERMA,R,HEURISTICO_MODULO
GET,/api/analitica/ventas,"App\Modulos\Analitica\Controllers\AnaliticaController",Ventas,ANALITICA,AnaliticaService,VENTA,R,HEURISTICO_MODULO
GET,/api/anuncio,"App\Modulos\Anuncio\Controllers\AnuncioController",Listar,ANUNCIO,AnuncioService,ANUNCIO,RW,HEURISTICO_MODULO
GET,/api/anuncio,"App\Modulos\Anuncio\Controllers\AnuncioController",Listar,ANUNCIO,AnuncioService,ANUNCIOMAQUINA,RW,HEURISTICO_MODULO
GET,/api/anuncio,"App\Modulos\Anuncio\Controllers\AnuncioController",Listar,ANUNCIO,AnuncioService,ANUNCIOPRODUCTO,RW,HEURISTICO_MODULO
POST,/api/anuncio,"App\Modulos\Anuncio\Controllers\AnuncioController",Crear,ANUNCIO,AnuncioService,ANUNCIO,RW,HEURISTICO_MODULO
POST,/api/anuncio,"App\Modulos\Anuncio\Controllers\AnuncioController",Crear,ANUNCIO,AnuncioService,ANUNCIOMAQUINA,RW,HEURISTICO_MODULO
POST,/api/anuncio,"App\Modulos\Anuncio\Controllers\AnuncioController",Crear,ANUNCIO,AnuncioService,ANUNCIOPRODUCTO,RW,HEURISTICO_MODULO
DELETE,/api/anuncio/{tnAnuncio},"App\Modulos\Anuncio\Controllers\AnuncioController",Eliminar,ANUNCIO,AnuncioService,ANUNCIO,RW,HEURISTICO_MODULO
DELETE,/api/anuncio/{tnAnuncio},"App\Modulos\Anuncio\Controllers\AnuncioController",Eliminar,ANUNCIO,AnuncioService,ANUNCIOMAQUINA,RW,HEURISTICO_MODULO
DELETE,/api/anuncio/{tnAnuncio},"App\Modulos\Anuncio\Controllers\AnuncioController",Eliminar,ANUNCIO,AnuncioService,ANUNCIOPRODUCTO,RW,HEURISTICO_MODULO
GET,/api/anuncio/{tnAnuncio},"App\Modulos\Anuncio\Controllers\AnuncioController",Obtener,ANUNCIO,AnuncioService,ANUNCIO,RW,HEURISTICO_MODULO
GET,/api/anuncio/{tnAnuncio},"App\Modulos\Anuncio\Controllers\AnuncioController",Obtener,ANUNCIO,AnuncioService,ANUNCIOMAQUINA,RW,HEURISTICO_MODULO
GET,/api/anuncio/{tnAnuncio},"App\Modulos\Anuncio\Controllers\AnuncioController",Obtener,ANUNCIO,AnuncioService,ANUNCIOPRODUCTO,RW,HEURISTICO_MODULO
PATCH,/api/anuncio/{tnAnuncio},"App\Modulos\Anuncio\Controllers\AnuncioController",ActualizarParcial,ANUNCIO,AnuncioService,ANUNCIO,RW,HEURISTICO_MODULO
PATCH,/api/anuncio/{tnAnuncio},"App\Modulos\Anuncio\Controllers\AnuncioController",ActualizarParcial,ANUNCIO,AnuncioService,ANUNCIOMAQUINA,RW,HEURISTICO_MODULO
PATCH,/api/anuncio/{tnAnuncio},"App\Modulos\Anuncio\Controllers\AnuncioController",ActualizarParcial,ANUNCIO,AnuncioService,ANUNCIOPRODUCTO,RW,HEURISTICO_MODULO
PUT,/api/anuncio/{tnAnuncio},"App\Modulos\Anuncio\Controllers\AnuncioController",Actualizar,ANUNCIO,AnuncioService,ANUNCIO,RW,HEURISTICO_MODULO
PUT,/api/anuncio/{tnAnuncio},"App\Modulos\Anuncio\Controllers\AnuncioController",Actualizar,ANUNCIO,AnuncioService,ANUNCIOMAQUINA,RW,HEURISTICO_MODULO
PUT,/api/anuncio/{tnAnuncio},"App\Modulos\Anuncio\Controllers\AnuncioController",Actualizar,ANUNCIO,AnuncioService,ANUNCIOPRODUCTO,RW,HEURISTICO_MODULO
POST,/api/anuncio/{tnAnuncio}/detener,"App\Modulos\Anuncio\Controllers\AnuncioController",Detener,ANUNCIO,AnuncioService,ANUNCIO,RW,HEURISTICO_MODULO
POST,/api/anuncio/{tnAnuncio}/detener,"App\Modulos\Anuncio\Controllers\AnuncioController",Detener,ANUNCIO,AnuncioService,ANUNCIOMAQUINA,RW,HEURISTICO_MODULO
POST,/api/anuncio/{tnAnuncio}/detener,"App\Modulos\Anuncio\Controllers\AnuncioController",Detener,ANUNCIO,AnuncioService,ANUNCIOPRODUCTO,RW,HEURISTICO_MODULO
GET,/api/anuncio/{tnAnuncio}/impacto,"App\Modulos\Anuncio\Controllers\AnuncioController",Impacto,ANUNCIO,AnuncioService,ANUNCIO,RW,HEURISTICO_MODULO
GET,/api/anuncio/{tnAnuncio}/impacto,"App\Modulos\Anuncio\Controllers\AnuncioController",Impacto,ANUNCIO,AnuncioService,ANUNCIOMAQUINA,RW,HEURISTICO_MODULO
GET,/api/anuncio/{tnAnuncio}/impacto,"App\Modulos\Anuncio\Controllers\AnuncioController",Impacto,ANUNCIO,AnuncioService,ANUNCIOPRODUCTO,RW,HEURISTICO_MODULO
POST,/api/anuncio/{tnAnuncio}/maquina,"App\Modulos\Anuncio\Controllers\AnuncioController",AsignarMaquina,ANUNCIO,AnuncioService,ANUNCIO,RW,HEURISTICO_MODULO
POST,/api/anuncio/{tnAnuncio}/maquina,"App\Modulos\Anuncio\Controllers\AnuncioController",AsignarMaquina,ANUNCIO,AnuncioService,ANUNCIOMAQUINA,RW,HEURISTICO_MODULO
POST,/api/anuncio/{tnAnuncio}/maquina,"App\Modulos\Anuncio\Controllers\AnuncioController",AsignarMaquina,ANUNCIO,AnuncioService,ANUNCIOPRODUCTO,RW,HEURISTICO_MODULO
DELETE,/api/anuncio/{tnAnuncio}/maquina/{tnMaquina},"App\Modulos\Anuncio\Controllers\AnuncioController",QuitarMaquina,ANUNCIO,AnuncioService,ANUNCIO,RW,HEURISTICO_MODULO
DELETE,/api/anuncio/{tnAnuncio}/maquina/{tnMaquina},"App\Modulos\Anuncio\Controllers\AnuncioController",QuitarMaquina,ANUNCIO,AnuncioService,ANUNCIOMAQUINA,RW,HEURISTICO_MODULO
DELETE,/api/anuncio/{tnAnuncio}/maquina/{tnMaquina},"App\Modulos\Anuncio\Controllers\AnuncioController",QuitarMaquina,ANUNCIO,AnuncioService,ANUNCIOPRODUCTO,RW,HEURISTICO_MODULO
POST,/api/anuncio/{tnAnuncio}/producto,"App\Modulos\Anuncio\Controllers\AnuncioController",AsignarProducto,ANUNCIO,AnuncioService,ANUNCIO,RW,HEURISTICO_MODULO
POST,/api/anuncio/{tnAnuncio}/producto,"App\Modulos\Anuncio\Controllers\AnuncioController",AsignarProducto,ANUNCIO,AnuncioService,ANUNCIOMAQUINA,RW,HEURISTICO_MODULO
POST,/api/anuncio/{tnAnuncio}/producto,"App\Modulos\Anuncio\Controllers\AnuncioController",AsignarProducto,ANUNCIO,AnuncioService,ANUNCIOPRODUCTO,RW,HEURISTICO_MODULO
DELETE,/api/anuncio/{tnAnuncio}/producto/{tnProducto},"App\Modulos\Anuncio\Controllers\AnuncioController",QuitarProducto,ANUNCIO,AnuncioService,ANUNCIO,RW,HEURISTICO_MODULO
DELETE,/api/anuncio/{tnAnuncio}/producto/{tnProducto},"App\Modulos\Anuncio\Controllers\AnuncioController",QuitarProducto,ANUNCIO,AnuncioService,ANUNCIOMAQUINA,RW,HEURISTICO_MODULO
DELETE,/api/anuncio/{tnAnuncio}/producto/{tnProducto},"App\Modulos\Anuncio\Controllers\AnuncioController",QuitarProducto,ANUNCIO,AnuncioService,ANUNCIOPRODUCTO,RW,HEURISTICO_MODULO
POST,/api/anuncio/{tnAnuncio}/publicar,"App\Modulos\Anuncio\Controllers\AnuncioController",Publicar,ANUNCIO,AnuncioService,ANUNCIO,RW,HEURISTICO_MODULO
POST,/api/anuncio/{tnAnuncio}/publicar,"App\Modulos\Anuncio\Controllers\AnuncioController",Publicar,ANUNCIO,AnuncioService,ANUNCIOMAQUINA,RW,HEURISTICO_MODULO
POST,/api/anuncio/{tnAnuncio}/publicar,"App\Modulos\Anuncio\Controllers\AnuncioController",Publicar,ANUNCIO,AnuncioService,ANUNCIOPRODUCTO,RW,HEURISTICO_MODULO
GET,/api/aprobaciones,"App\Modulos\Aprobacion\Controllers\AprobacionController",Listar,APROBACION,AprobacionService,APROBACION,RW,HEURISTICO_MODULO
POST,/api/aprobaciones/solicitar,"App\Modulos\Aprobacion\Controllers\AprobacionController",Solicitar,APROBACION,AprobacionService,APROBACION,RW,HEURISTICO_MODULO
POST,/api/aprobaciones/{tnAprobacion}/aprobar,"App\Modulos\Aprobacion\Controllers\AprobacionController",Aprobar,APROBACION,AprobacionService,APROBACION,RW,HEURISTICO_MODULO
POST,/api/aprobaciones/{tnAprobacion}/rechazar,"App\Modulos\Aprobacion\Controllers\AprobacionController",Rechazar,APROBACION,AprobacionService,APROBACION,RW,HEURISTICO_MODULO
GET,/api/auditoria/{tcEntidad}/{tcEntidadId},"App\Modulos\Auditoria\Controllers\AuditoriaController",Historial,AUDITORIA,AuditoriaConsultaService,,,HEURISTICO_MODULO
POST,/api/auth/login,"App\Modulos\Autenticacion\Controllers\AutenticacionController",Login,AUTENTICACION,AutenticacionService,SESIONAPI,W,HEURISTICO_MODULO
POST,/api/auth/login,"App\Modulos\Autenticacion\Controllers\AutenticacionController",Login,AUTENTICACION,AutenticacionService,USUARIO,R,HEURISTICO_MODULO
POST,/api/auth/login,"App\Modulos\Autenticacion\Controllers\AutenticacionController",Login,AUTENTICACION,PermisoService,MAQUINA,R,HEURISTICO_MODULO
POST,/api/auth/login,"App\Modulos\Autenticacion\Controllers\AutenticacionController",Login,AUTENTICACION,PermisoService,USUARIO,R,HEURISTICO_MODULO
POST,/api/auth/login,"App\Modulos\Autenticacion\Controllers\AutenticacionController",Login,AUTENTICACION,PermisoService,USUARIOMAQUINA,R,HEURISTICO_MODULO
POST,/api/auth/login,"App\Modulos\Autenticacion\Controllers\AutenticacionController",Login,AUTENTICACION,PermisoService,USUARIOROL,R,HEURISTICO_MODULO
POST,/api/auth/logout,"App\Modulos\Autenticacion\Controllers\AutenticacionController",Logout,AUTENTICACION,AutenticacionService,SESIONAPI,W,HEURISTICO_MODULO
POST,/api/auth/logout,"App\Modulos\Autenticacion\Controllers\AutenticacionController",Logout,AUTENTICACION,AutenticacionService,USUARIO,R,HEURISTICO_MODULO
POST,/api/auth/logout,"App\Modulos\Autenticacion\Controllers\AutenticacionController",Logout,AUTENTICACION,PermisoService,MAQUINA,R,HEURISTICO_MODULO
POST,/api/auth/logout,"App\Modulos\Autenticacion\Controllers\AutenticacionController",Logout,AUTENTICACION,PermisoService,USUARIO,R,HEURISTICO_MODULO
POST,/api/auth/logout,"App\Modulos\Autenticacion\Controllers\AutenticacionController",Logout,AUTENTICACION,PermisoService,USUARIOMAQUINA,R,HEURISTICO_MODULO
POST,/api/auth/logout,"App\Modulos\Autenticacion\Controllers\AutenticacionController",Logout,AUTENTICACION,PermisoService,USUARIOROL,R,HEURISTICO_MODULO
GET,/api/auth/me,"App\Modulos\Autenticacion\Controllers\AutenticacionController",Me,AUTENTICACION,AutenticacionService,SESIONAPI,W,HEURISTICO_MODULO
GET,/api/auth/me,"App\Modulos\Autenticacion\Controllers\AutenticacionController",Me,AUTENTICACION,AutenticacionService,USUARIO,R,HEURISTICO_MODULO
GET,/api/auth/me,"App\Modulos\Autenticacion\Controllers\AutenticacionController",Me,AUTENTICACION,PermisoService,MAQUINA,R,HEURISTICO_MODULO
GET,/api/auth/me,"App\Modulos\Autenticacion\Controllers\AutenticacionController",Me,AUTENTICACION,PermisoService,USUARIO,R,HEURISTICO_MODULO
GET,/api/auth/me,"App\Modulos\Autenticacion\Controllers\AutenticacionController",Me,AUTENTICACION,PermisoService,USUARIOMAQUINA,R,HEURISTICO_MODULO
GET,/api/auth/me,"App\Modulos\Autenticacion\Controllers\AutenticacionController",Me,AUTENTICACION,PermisoService,USUARIOROL,R,HEURISTICO_MODULO
GET,/api/auth/permisos,"App\Modulos\Autenticacion\Controllers\AutenticacionController",Permisos,AUTENTICACION,AutenticacionService,SESIONAPI,W,HEURISTICO_MODULO
GET,/api/auth/permisos,"App\Modulos\Autenticacion\Controllers\AutenticacionController",Permisos,AUTENTICACION,AutenticacionService,USUARIO,R,HEURISTICO_MODULO
GET,/api/auth/permisos,"App\Modulos\Autenticacion\Controllers\AutenticacionController",Permisos,AUTENTICACION,PermisoService,MAQUINA,R,HEURISTICO_MODULO
GET,/api/auth/permisos,"App\Modulos\Autenticacion\Controllers\AutenticacionController",Permisos,AUTENTICACION,PermisoService,USUARIO,R,HEURISTICO_MODULO
GET,/api/auth/permisos,"App\Modulos\Autenticacion\Controllers\AutenticacionController",Permisos,AUTENTICACION,PermisoService,USUARIOMAQUINA,R,HEURISTICO_MODULO
GET,/api/auth/permisos,"App\Modulos\Autenticacion\Controllers\AutenticacionController",Permisos,AUTENTICACION,PermisoService,USUARIOROL,R,HEURISTICO_MODULO
POST,/api/auth/refresh,"App\Modulos\Autenticacion\Controllers\AutenticacionController",Refresh,AUTENTICACION,AutenticacionService,SESIONAPI,W,HEURISTICO_MODULO
POST,/api/auth/refresh,"App\Modulos\Autenticacion\Controllers\AutenticacionController",Refresh,AUTENTICACION,AutenticacionService,USUARIO,R,HEURISTICO_MODULO
POST,/api/auth/refresh,"App\Modulos\Autenticacion\Controllers\AutenticacionController",Refresh,AUTENTICACION,PermisoService,MAQUINA,R,HEURISTICO_MODULO
POST,/api/auth/refresh,"App\Modulos\Autenticacion\Controllers\AutenticacionController",Refresh,AUTENTICACION,PermisoService,USUARIO,R,HEURISTICO_MODULO
POST,/api/auth/refresh,"App\Modulos\Autenticacion\Controllers\AutenticacionController",Refresh,AUTENTICACION,PermisoService,USUARIOMAQUINA,R,HEURISTICO_MODULO
POST,/api/auth/refresh,"App\Modulos\Autenticacion\Controllers\AutenticacionController",Refresh,AUTENTICACION,PermisoService,USUARIOROL,R,HEURISTICO_MODULO
POST,/api/broadcasting/auth,"Illuminate\Broadcasting\BroadcastController",authenticate,GLOBAL,,,,DIRECTA_SIN_SERVICIO
GET,/api/celda,"App\Modulos\Celda\Controllers\CeldaController",Listar,CELDA,CeldaService,CELDA,RW,HEURISTICO_MODULO
GET,/api/celda,"App\Modulos\Celda\Controllers\CeldaController",Listar,CELDA,CeldaService,EXISTENCIACELDA,W,HEURISTICO_MODULO
POST,/api/celda,"App\Modulos\Celda\Controllers\CeldaController",Crear,CELDA,CeldaService,CELDA,RW,HEURISTICO_MODULO
POST,/api/celda,"App\Modulos\Celda\Controllers\CeldaController",Crear,CELDA,CeldaService,EXISTENCIACELDA,W,HEURISTICO_MODULO
DELETE,/api/celda/{tnCelda},"App\Modulos\Celda\Controllers\CeldaController",EliminarLogico,CELDA,CeldaService,CELDA,RW,HEURISTICO_MODULO
DELETE,/api/celda/{tnCelda},"App\Modulos\Celda\Controllers\CeldaController",EliminarLogico,CELDA,CeldaService,EXISTENCIACELDA,W,HEURISTICO_MODULO
GET,/api/celda/{tnCelda},"App\Modulos\Celda\Controllers\CeldaController",Obtener,CELDA,CeldaService,CELDA,RW,HEURISTICO_MODULO
GET,/api/celda/{tnCelda},"App\Modulos\Celda\Controllers\CeldaController",Obtener,CELDA,CeldaService,EXISTENCIACELDA,W,HEURISTICO_MODULO
PATCH,/api/celda/{tnCelda},"App\Modulos\Celda\Controllers\CeldaController",ActualizarParcial,CELDA,CeldaService,CELDA,RW,HEURISTICO_MODULO
PATCH,/api/celda/{tnCelda},"App\Modulos\Celda\Controllers\CeldaController",ActualizarParcial,CELDA,CeldaService,EXISTENCIACELDA,W,HEURISTICO_MODULO
PUT,/api/celda/{tnCelda},"App\Modulos\Celda\Controllers\CeldaController",Actualizar,CELDA,CeldaService,CELDA,RW,HEURISTICO_MODULO
PUT,/api/celda/{tnCelda},"App\Modulos\Celda\Controllers\CeldaController",Actualizar,CELDA,CeldaService,EXISTENCIACELDA,W,HEURISTICO_MODULO
GET,/api/deposito,"App\Modulos\Deposito\Controllers\DepositoController",Listar,DEPOSITO,DepositoService,CELDA,W,HEURISTICO_MODULO
GET,/api/deposito,"App\Modulos\Deposito\Controllers\DepositoController",Listar,DEPOSITO,DepositoService,DEPOSITO,R,HEURISTICO_MODULO
GET,/api/deposito,"App\Modulos\Deposito\Controllers\DepositoController",Listar,DEPOSITO,DepositoService,EXISTENCIACELDA,RW,HEURISTICO_MODULO
GET,/api/deposito,"App\Modulos\Deposito\Controllers\DepositoController",Listar,DEPOSITO,DepositoService,MAQUINA,W,HEURISTICO_MODULO
GET,/api/deposito,"App\Modulos\Deposito\Controllers\DepositoController",Listar,DEPOSITO,DepositoService,MOVIMIENTODEPOSITO,RW,HEURISTICO_MODULO
GET,/api/deposito,"App\Modulos\Deposito\Controllers\DepositoController",Listar,DEPOSITO,DepositoService,MOVIMIENTOINVENTARIO,W,HEURISTICO_MODULO
GET,/api/deposito,"App\Modulos\Deposito\Controllers\DepositoController",Listar,DEPOSITO,DepositoService,PRODUCTO,W,HEURISTICO_MODULO
GET,/api/deposito,"App\Modulos\Deposito\Controllers\DepositoController",Listar,DEPOSITO,DepositoService,PRODUCTOEMPRESA,W,HEURISTICO_MODULO
GET,/api/deposito,"App\Modulos\Deposito\Controllers\DepositoController",Listar,DEPOSITO,DepositoService,STOCKDEPOSITO,RW,HEURISTICO_MODULO
GET,/api/deposito,"App\Modulos\Deposito\Controllers\DepositoController",Listar,DEPOSITO,DepositoService,TIPOMOVIMIENTOINVENTARIO,R,HEURISTICO_MODULO
GET,/api/deposito,"App\Modulos\Deposito\Controllers\DepositoController",Listar,DEPOSITO,DepositoService,USUARIO,R,HEURISTICO_MODULO
POST,/api/deposito/movimiento/entrada,"App\Modulos\Deposito\Controllers\DepositoController",Entrada,DEPOSITO,DepositoService,CELDA,W,HEURISTICO_MODULO
POST,/api/deposito/movimiento/entrada,"App\Modulos\Deposito\Controllers\DepositoController",Entrada,DEPOSITO,DepositoService,DEPOSITO,R,HEURISTICO_MODULO
POST,/api/deposito/movimiento/entrada,"App\Modulos\Deposito\Controllers\DepositoController",Entrada,DEPOSITO,DepositoService,EXISTENCIACELDA,RW,HEURISTICO_MODULO
POST,/api/deposito/movimiento/entrada,"App\Modulos\Deposito\Controllers\DepositoController",Entrada,DEPOSITO,DepositoService,MAQUINA,W,HEURISTICO_MODULO
POST,/api/deposito/movimiento/entrada,"App\Modulos\Deposito\Controllers\DepositoController",Entrada,DEPOSITO,DepositoService,MOVIMIENTODEPOSITO,RW,HEURISTICO_MODULO
POST,/api/deposito/movimiento/entrada,"App\Modulos\Deposito\Controllers\DepositoController",Entrada,DEPOSITO,DepositoService,MOVIMIENTOINVENTARIO,W,HEURISTICO_MODULO
POST,/api/deposito/movimiento/entrada,"App\Modulos\Deposito\Controllers\DepositoController",Entrada,DEPOSITO,DepositoService,PRODUCTO,W,HEURISTICO_MODULO
POST,/api/deposito/movimiento/entrada,"App\Modulos\Deposito\Controllers\DepositoController",Entrada,DEPOSITO,DepositoService,PRODUCTOEMPRESA,W,HEURISTICO_MODULO
POST,/api/deposito/movimiento/entrada,"App\Modulos\Deposito\Controllers\DepositoController",Entrada,DEPOSITO,DepositoService,STOCKDEPOSITO,RW,HEURISTICO_MODULO
POST,/api/deposito/movimiento/entrada,"App\Modulos\Deposito\Controllers\DepositoController",Entrada,DEPOSITO,DepositoService,TIPOMOVIMIENTOINVENTARIO,R,HEURISTICO_MODULO
POST,/api/deposito/movimiento/entrada,"App\Modulos\Deposito\Controllers\DepositoController",Entrada,DEPOSITO,DepositoService,USUARIO,R,HEURISTICO_MODULO
POST,/api/deposito/movimiento/salida,"App\Modulos\Deposito\Controllers\DepositoController",Salida,DEPOSITO,DepositoService,CELDA,W,HEURISTICO_MODULO
POST,/api/deposito/movimiento/salida,"App\Modulos\Deposito\Controllers\DepositoController",Salida,DEPOSITO,DepositoService,DEPOSITO,R,HEURISTICO_MODULO
POST,/api/deposito/movimiento/salida,"App\Modulos\Deposito\Controllers\DepositoController",Salida,DEPOSITO,DepositoService,EXISTENCIACELDA,RW,HEURISTICO_MODULO
POST,/api/deposito/movimiento/salida,"App\Modulos\Deposito\Controllers\DepositoController",Salida,DEPOSITO,DepositoService,MAQUINA,W,HEURISTICO_MODULO
POST,/api/deposito/movimiento/salida,"App\Modulos\Deposito\Controllers\DepositoController",Salida,DEPOSITO,DepositoService,MOVIMIENTODEPOSITO,RW,HEURISTICO_MODULO
POST,/api/deposito/movimiento/salida,"App\Modulos\Deposito\Controllers\DepositoController",Salida,DEPOSITO,DepositoService,MOVIMIENTOINVENTARIO,W,HEURISTICO_MODULO
POST,/api/deposito/movimiento/salida,"App\Modulos\Deposito\Controllers\DepositoController",Salida,DEPOSITO,DepositoService,PRODUCTO,W,HEURISTICO_MODULO
POST,/api/deposito/movimiento/salida,"App\Modulos\Deposito\Controllers\DepositoController",Salida,DEPOSITO,DepositoService,PRODUCTOEMPRESA,W,HEURISTICO_MODULO
POST,/api/deposito/movimiento/salida,"App\Modulos\Deposito\Controllers\DepositoController",Salida,DEPOSITO,DepositoService,STOCKDEPOSITO,RW,HEURISTICO_MODULO
POST,/api/deposito/movimiento/salida,"App\Modulos\Deposito\Controllers\DepositoController",Salida,DEPOSITO,DepositoService,TIPOMOVIMIENTOINVENTARIO,R,HEURISTICO_MODULO
POST,/api/deposito/movimiento/salida,"App\Modulos\Deposito\Controllers\DepositoController",Salida,DEPOSITO,DepositoService,USUARIO,R,HEURISTICO_MODULO
GET,/api/deposito/movimientos,"App\Modulos\Deposito\Controllers\DepositoController",Movimientos,DEPOSITO,DepositoService,CELDA,W,HEURISTICO_MODULO
GET,/api/deposito/movimientos,"App\Modulos\Deposito\Controllers\DepositoController",Movimientos,DEPOSITO,DepositoService,DEPOSITO,R,HEURISTICO_MODULO
GET,/api/deposito/movimientos,"App\Modulos\Deposito\Controllers\DepositoController",Movimientos,DEPOSITO,DepositoService,EXISTENCIACELDA,RW,HEURISTICO_MODULO
GET,/api/deposito/movimientos,"App\Modulos\Deposito\Controllers\DepositoController",Movimientos,DEPOSITO,DepositoService,MAQUINA,W,HEURISTICO_MODULO
GET,/api/deposito/movimientos,"App\Modulos\Deposito\Controllers\DepositoController",Movimientos,DEPOSITO,DepositoService,MOVIMIENTODEPOSITO,RW,HEURISTICO_MODULO
GET,/api/deposito/movimientos,"App\Modulos\Deposito\Controllers\DepositoController",Movimientos,DEPOSITO,DepositoService,MOVIMIENTOINVENTARIO,W,HEURISTICO_MODULO
GET,/api/deposito/movimientos,"App\Modulos\Deposito\Controllers\DepositoController",Movimientos,DEPOSITO,DepositoService,PRODUCTO,W,HEURISTICO_MODULO
GET,/api/deposito/movimientos,"App\Modulos\Deposito\Controllers\DepositoController",Movimientos,DEPOSITO,DepositoService,PRODUCTOEMPRESA,W,HEURISTICO_MODULO
GET,/api/deposito/movimientos,"App\Modulos\Deposito\Controllers\DepositoController",Movimientos,DEPOSITO,DepositoService,STOCKDEPOSITO,RW,HEURISTICO_MODULO
GET,/api/deposito/movimientos,"App\Modulos\Deposito\Controllers\DepositoController",Movimientos,DEPOSITO,DepositoService,TIPOMOVIMIENTOINVENTARIO,R,HEURISTICO_MODULO
GET,/api/deposito/movimientos,"App\Modulos\Deposito\Controllers\DepositoController",Movimientos,DEPOSITO,DepositoService,USUARIO,R,HEURISTICO_MODULO
POST,/api/deposito/transferir-a-maquina,"App\Modulos\Deposito\Controllers\DepositoController",TransferirAMaquina,DEPOSITO,DepositoService,CELDA,W,HEURISTICO_MODULO
POST,/api/deposito/transferir-a-maquina,"App\Modulos\Deposito\Controllers\DepositoController",TransferirAMaquina,DEPOSITO,DepositoService,DEPOSITO,R,HEURISTICO_MODULO
POST,/api/deposito/transferir-a-maquina,"App\Modulos\Deposito\Controllers\DepositoController",TransferirAMaquina,DEPOSITO,DepositoService,EXISTENCIACELDA,RW,HEURISTICO_MODULO
POST,/api/deposito/transferir-a-maquina,"App\Modulos\Deposito\Controllers\DepositoController",TransferirAMaquina,DEPOSITO,DepositoService,MAQUINA,W,HEURISTICO_MODULO
POST,/api/deposito/transferir-a-maquina,"App\Modulos\Deposito\Controllers\DepositoController",TransferirAMaquina,DEPOSITO,DepositoService,MOVIMIENTODEPOSITO,RW,HEURISTICO_MODULO
POST,/api/deposito/transferir-a-maquina,"App\Modulos\Deposito\Controllers\DepositoController",TransferirAMaquina,DEPOSITO,DepositoService,MOVIMIENTOINVENTARIO,W,HEURISTICO_MODULO
POST,/api/deposito/transferir-a-maquina,"App\Modulos\Deposito\Controllers\DepositoController",TransferirAMaquina,DEPOSITO,DepositoService,PRODUCTO,W,HEURISTICO_MODULO
POST,/api/deposito/transferir-a-maquina,"App\Modulos\Deposito\Controllers\DepositoController",TransferirAMaquina,DEPOSITO,DepositoService,PRODUCTOEMPRESA,W,HEURISTICO_MODULO
POST,/api/deposito/transferir-a-maquina,"App\Modulos\Deposito\Controllers\DepositoController",TransferirAMaquina,DEPOSITO,DepositoService,STOCKDEPOSITO,RW,HEURISTICO_MODULO
POST,/api/deposito/transferir-a-maquina,"App\Modulos\Deposito\Controllers\DepositoController",TransferirAMaquina,DEPOSITO,DepositoService,TIPOMOVIMIENTOINVENTARIO,R,HEURISTICO_MODULO
POST,/api/deposito/transferir-a-maquina,"App\Modulos\Deposito\Controllers\DepositoController",TransferirAMaquina,DEPOSITO,DepositoService,USUARIO,R,HEURISTICO_MODULO
GET,/api/deposito/{tnDeposito}/stock,"App\Modulos\Deposito\Controllers\DepositoController",Stock,DEPOSITO,DepositoService,CELDA,W,HEURISTICO_MODULO
GET,/api/deposito/{tnDeposito}/stock,"App\Modulos\Deposito\Controllers\DepositoController",Stock,DEPOSITO,DepositoService,DEPOSITO,R,HEURISTICO_MODULO
GET,/api/deposito/{tnDeposito}/stock,"App\Modulos\Deposito\Controllers\DepositoController",Stock,DEPOSITO,DepositoService,EXISTENCIACELDA,RW,HEURISTICO_MODULO
GET,/api/deposito/{tnDeposito}/stock,"App\Modulos\Deposito\Controllers\DepositoController",Stock,DEPOSITO,DepositoService,MAQUINA,W,HEURISTICO_MODULO
GET,/api/deposito/{tnDeposito}/stock,"App\Modulos\Deposito\Controllers\DepositoController",Stock,DEPOSITO,DepositoService,MOVIMIENTODEPOSITO,RW,HEURISTICO_MODULO
GET,/api/deposito/{tnDeposito}/stock,"App\Modulos\Deposito\Controllers\DepositoController",Stock,DEPOSITO,DepositoService,MOVIMIENTOINVENTARIO,W,HEURISTICO_MODULO
GET,/api/deposito/{tnDeposito}/stock,"App\Modulos\Deposito\Controllers\DepositoController",Stock,DEPOSITO,DepositoService,PRODUCTO,W,HEURISTICO_MODULO
GET,/api/deposito/{tnDeposito}/stock,"App\Modulos\Deposito\Controllers\DepositoController",Stock,DEPOSITO,DepositoService,PRODUCTOEMPRESA,W,HEURISTICO_MODULO
GET,/api/deposito/{tnDeposito}/stock,"App\Modulos\Deposito\Controllers\DepositoController",Stock,DEPOSITO,DepositoService,STOCKDEPOSITO,RW,HEURISTICO_MODULO
GET,/api/deposito/{tnDeposito}/stock,"App\Modulos\Deposito\Controllers\DepositoController",Stock,DEPOSITO,DepositoService,TIPOMOVIMIENTOINVENTARIO,R,HEURISTICO_MODULO
GET,/api/deposito/{tnDeposito}/stock,"App\Modulos\Deposito\Controllers\DepositoController",Stock,DEPOSITO,DepositoService,USUARIO,R,HEURISTICO_MODULO
GET,/api/empresa,"App\Modulos\Empresa\Controllers\EmpresaController",Listar,EMPRESA,EmpresaService,EMPRESA,RW,HEURISTICO_MODULO
POST,/api/empresa,"App\Modulos\Empresa\Controllers\EmpresaController",Crear,EMPRESA,EmpresaService,EMPRESA,RW,HEURISTICO_MODULO
DELETE,/api/empresa/{tnEmpresa},"App\Modulos\Empresa\Controllers\EmpresaController",EliminarLogico,EMPRESA,EmpresaService,EMPRESA,RW,HEURISTICO_MODULO
GET,/api/empresa/{tnEmpresa},"App\Modulos\Empresa\Controllers\EmpresaController",Obtener,EMPRESA,EmpresaService,EMPRESA,RW,HEURISTICO_MODULO
PATCH,/api/empresa/{tnEmpresa},"App\Modulos\Empresa\Controllers\EmpresaController",ActualizarParcial,EMPRESA,EmpresaService,EMPRESA,RW,HEURISTICO_MODULO
PUT,/api/empresa/{tnEmpresa},"App\Modulos\Empresa\Controllers\EmpresaController",Actualizar,EMPRESA,EmpresaService,EMPRESA,RW,HEURISTICO_MODULO
GET,/api/estado,"App\Modulos\Estado\Controllers\EstadoController",Listar,ESTADO,EstadoService,ESTADO,R,HEURISTICO_MODULO
GET,/api/existenciacelda,"App\Modulos\ExistenciaCelda\Controllers\ExistenciaCeldaController",Listar,EXISTENCIACELDA,ExistenciaCeldaService,EXISTENCIACELDA,R,HEURISTICO_MODULO
GET,/api/existenciacelda/celda/{IdCelda},"App\Modulos\ExistenciaCelda\Controllers\ExistenciaCeldaController",ListarPorCelda,EXISTENCIACELDA,ExistenciaCeldaService,EXISTENCIACELDA,R,HEURISTICO_MODULO
GET,/api/integracion/iot/evento,"App\Modulos\IntegracionIot\Controllers\IntegracionIotController",ListarEventos,INTEGRACIONIOT,IntegracionIotService,IOTEVENTO,RW,HEURISTICO_MODULO
GET,/api/integracion/iot/evento,"App\Modulos\IntegracionIot\Controllers\IntegracionIotController",ListarEventos,INTEGRACIONIOT,IntegracionIotService,IOTEVENTOINTENTO,RW,HEURISTICO_MODULO
GET,/api/integracion/iot/evento/{tnEvento},"App\Modulos\IntegracionIot\Controllers\IntegracionIotController",ObtenerEvento,INTEGRACIONIOT,IntegracionIotService,IOTEVENTO,RW,HEURISTICO_MODULO
GET,/api/integracion/iot/evento/{tnEvento},"App\Modulos\IntegracionIot\Controllers\IntegracionIotController",ObtenerEvento,INTEGRACIONIOT,IntegracionIotService,IOTEVENTOINTENTO,RW,HEURISTICO_MODULO
POST,/api/integracion/iot/webhook,"App\Modulos\IntegracionIot\Controllers\IntegracionIotController",Webhook,INTEGRACIONIOT,IntegracionIotService,IOTEVENTO,RW,HEURISTICO_MODULO
POST,/api/integracion/iot/webhook,"App\Modulos\IntegracionIot\Controllers\IntegracionIotController",Webhook,INTEGRACIONIOT,IntegracionIotService,IOTEVENTOINTENTO,RW,HEURISTICO_MODULO
GET,/api/lote,"App\Modulos\Lote\Controllers\LoteController",Listar,LOTE,LoteService,LOTE,RW,HEURISTICO_MODULO
POST,/api/lote,"App\Modulos\Lote\Controllers\LoteController",Crear,LOTE,LoteService,LOTE,RW,HEURISTICO_MODULO
DELETE,/api/lote/{tnLote},"App\Modulos\Lote\Controllers\LoteController",EliminarLogico,LOTE,LoteService,LOTE,RW,HEURISTICO_MODULO
GET,/api/lote/{tnLote},"App\Modulos\Lote\Controllers\LoteController",Obtener,LOTE,LoteService,LOTE,RW,HEURISTICO_MODULO
PATCH,/api/lote/{tnLote},"App\Modulos\Lote\Controllers\LoteController",ActualizarParcial,LOTE,LoteService,LOTE,RW,HEURISTICO_MODULO
PUT,/api/lote/{tnLote},"App\Modulos\Lote\Controllers\LoteController",Actualizar,LOTE,LoteService,LOTE,RW,HEURISTICO_MODULO
GET,/api/maquina,"App\Modulos\Maquina\Controllers\MaquinaController",Listar,MAQUINA,MaquinaService,CELDA,R,HEURISTICO_MODULO
GET,/api/maquina,"App\Modulos\Maquina\Controllers\MaquinaController",Listar,MAQUINA,MaquinaService,MAQUINA,RW,HEURISTICO_MODULO
GET,/api/maquina,"App\Modulos\Maquina\Controllers\MaquinaController",Listar,MAQUINA,MaquinaService,MAQUINAIMAGEN,RW,HEURISTICO_MODULO
GET,/api/maquina,"App\Modulos\Maquina\Controllers\MaquinaController",Listar,MAQUINA,MaquinaService,TIPOINTERNET,R,HEURISTICO_MODULO
POST,/api/maquina,"App\Modulos\Maquina\Controllers\MaquinaController",Crear,MAQUINA,MaquinaService,CELDA,R,HEURISTICO_MODULO
POST,/api/maquina,"App\Modulos\Maquina\Controllers\MaquinaController",Crear,MAQUINA,MaquinaService,MAQUINA,RW,HEURISTICO_MODULO
POST,/api/maquina,"App\Modulos\Maquina\Controllers\MaquinaController",Crear,MAQUINA,MaquinaService,MAQUINAIMAGEN,RW,HEURISTICO_MODULO
POST,/api/maquina,"App\Modulos\Maquina\Controllers\MaquinaController",Crear,MAQUINA,MaquinaService,TIPOINTERNET,R,HEURISTICO_MODULO
DELETE,/api/maquina/{IdMaquina},"App\Modulos\Maquina\Controllers\MaquinaController",EliminarLogico,MAQUINA,MaquinaService,CELDA,R,HEURISTICO_MODULO
DELETE,/api/maquina/{IdMaquina},"App\Modulos\Maquina\Controllers\MaquinaController",EliminarLogico,MAQUINA,MaquinaService,MAQUINA,RW,HEURISTICO_MODULO
DELETE,/api/maquina/{IdMaquina},"App\Modulos\Maquina\Controllers\MaquinaController",EliminarLogico,MAQUINA,MaquinaService,MAQUINAIMAGEN,RW,HEURISTICO_MODULO
DELETE,/api/maquina/{IdMaquina},"App\Modulos\Maquina\Controllers\MaquinaController",EliminarLogico,MAQUINA,MaquinaService,TIPOINTERNET,R,HEURISTICO_MODULO
GET,/api/maquina/{IdMaquina},"App\Modulos\Maquina\Controllers\MaquinaController",Obtener,MAQUINA,MaquinaService,CELDA,R,HEURISTICO_MODULO
GET,/api/maquina/{IdMaquina},"App\Modulos\Maquina\Controllers\MaquinaController",Obtener,MAQUINA,MaquinaService,MAQUINA,RW,HEURISTICO_MODULO
GET,/api/maquina/{IdMaquina},"App\Modulos\Maquina\Controllers\MaquinaController",Obtener,MAQUINA,MaquinaService,MAQUINAIMAGEN,RW,HEURISTICO_MODULO
GET,/api/maquina/{IdMaquina},"App\Modulos\Maquina\Controllers\MaquinaController",Obtener,MAQUINA,MaquinaService,TIPOINTERNET,R,HEURISTICO_MODULO
PATCH,/api/maquina/{IdMaquina},"App\Modulos\Maquina\Controllers\MaquinaController",ActualizarParcial,MAQUINA,MaquinaService,CELDA,R,HEURISTICO_MODULO
PATCH,/api/maquina/{IdMaquina},"App\Modulos\Maquina\Controllers\MaquinaController",ActualizarParcial,MAQUINA,MaquinaService,MAQUINA,RW,HEURISTICO_MODULO
PATCH,/api/maquina/{IdMaquina},"App\Modulos\Maquina\Controllers\MaquinaController",ActualizarParcial,MAQUINA,MaquinaService,MAQUINAIMAGEN,RW,HEURISTICO_MODULO
PATCH,/api/maquina/{IdMaquina},"App\Modulos\Maquina\Controllers\MaquinaController",ActualizarParcial,MAQUINA,MaquinaService,TIPOINTERNET,R,HEURISTICO_MODULO
PUT,/api/maquina/{IdMaquina},"App\Modulos\Maquina\Controllers\MaquinaController",Actualizar,MAQUINA,MaquinaService,CELDA,R,HEURISTICO_MODULO
PUT,/api/maquina/{IdMaquina},"App\Modulos\Maquina\Controllers\MaquinaController",Actualizar,MAQUINA,MaquinaService,MAQUINA,RW,HEURISTICO_MODULO
PUT,/api/maquina/{IdMaquina},"App\Modulos\Maquina\Controllers\MaquinaController",Actualizar,MAQUINA,MaquinaService,MAQUINAIMAGEN,RW,HEURISTICO_MODULO
PUT,/api/maquina/{IdMaquina},"App\Modulos\Maquina\Controllers\MaquinaController",Actualizar,MAQUINA,MaquinaService,TIPOINTERNET,R,HEURISTICO_MODULO
GET,/api/maquina/{IdMaquina}/celda,"App\Modulos\Maquina\Controllers\MaquinaController",ListarCeldas,MAQUINA,MaquinaService,CELDA,R,HEURISTICO_MODULO
GET,/api/maquina/{IdMaquina}/celda,"App\Modulos\Maquina\Controllers\MaquinaController",ListarCeldas,MAQUINA,MaquinaService,MAQUINA,RW,HEURISTICO_MODULO
GET,/api/maquina/{IdMaquina}/celda,"App\Modulos\Maquina\Controllers\MaquinaController",ListarCeldas,MAQUINA,MaquinaService,MAQUINAIMAGEN,RW,HEURISTICO_MODULO
GET,/api/maquina/{IdMaquina}/celda,"App\Modulos\Maquina\Controllers\MaquinaController",ListarCeldas,MAQUINA,MaquinaService,TIPOINTERNET,R,HEURISTICO_MODULO
GET,/api/maquina/{IdMaquina}/foto,"App\Modulos\Maquina\Controllers\MaquinaController",ListarFotos,MAQUINA,MaquinaService,CELDA,R,HEURISTICO_MODULO
GET,/api/maquina/{IdMaquina}/foto,"App\Modulos\Maquina\Controllers\MaquinaController",ListarFotos,MAQUINA,MaquinaService,MAQUINA,RW,HEURISTICO_MODULO
GET,/api/maquina/{IdMaquina}/foto,"App\Modulos\Maquina\Controllers\MaquinaController",ListarFotos,MAQUINA,MaquinaService,MAQUINAIMAGEN,RW,HEURISTICO_MODULO
GET,/api/maquina/{IdMaquina}/foto,"App\Modulos\Maquina\Controllers\MaquinaController",ListarFotos,MAQUINA,MaquinaService,TIPOINTERNET,R,HEURISTICO_MODULO
POST,/api/maquina/{IdMaquina}/foto/lote-subir,"App\Modulos\Maquina\Controllers\MaquinaController",SubirFotosLote,MAQUINA,MaquinaService,CELDA,R,HEURISTICO_MODULO
POST,/api/maquina/{IdMaquina}/foto/lote-subir,"App\Modulos\Maquina\Controllers\MaquinaController",SubirFotosLote,MAQUINA,MaquinaService,MAQUINA,RW,HEURISTICO_MODULO
POST,/api/maquina/{IdMaquina}/foto/lote-subir,"App\Modulos\Maquina\Controllers\MaquinaController",SubirFotosLote,MAQUINA,MaquinaService,MAQUINAIMAGEN,RW,HEURISTICO_MODULO
POST,/api/maquina/{IdMaquina}/foto/lote-subir,"App\Modulos\Maquina\Controllers\MaquinaController",SubirFotosLote,MAQUINA,MaquinaService,TIPOINTERNET,R,HEURISTICO_MODULO
DELETE,/api/maquina/{IdMaquina}/foto/{IdMaquinaFoto},"App\Modulos\Maquina\Controllers\MaquinaController",EliminarFoto,MAQUINA,MaquinaService,CELDA,R,HEURISTICO_MODULO
DELETE,/api/maquina/{IdMaquina}/foto/{IdMaquinaFoto},"App\Modulos\Maquina\Controllers\MaquinaController",EliminarFoto,MAQUINA,MaquinaService,MAQUINA,RW,HEURISTICO_MODULO
DELETE,/api/maquina/{IdMaquina}/foto/{IdMaquinaFoto},"App\Modulos\Maquina\Controllers\MaquinaController",EliminarFoto,MAQUINA,MaquinaService,MAQUINAIMAGEN,RW,HEURISTICO_MODULO
DELETE,/api/maquina/{IdMaquina}/foto/{IdMaquinaFoto},"App\Modulos\Maquina\Controllers\MaquinaController",EliminarFoto,MAQUINA,MaquinaService,TIPOINTERNET,R,HEURISTICO_MODULO
GET,/api/maquina/{tnMaquina}/administradores,"App\Modulos\Usuario\Controllers\UsuarioController",ListarAdministradoresMaquina,USUARIO,UsuarioService,ROL,W,HEURISTICO_MODULO
GET,/api/maquina/{tnMaquina}/administradores,"App\Modulos\Usuario\Controllers\UsuarioController",ListarAdministradoresMaquina,USUARIO,UsuarioService,USUARIO,RW,HEURISTICO_MODULO
GET,/api/maquina/{tnMaquina}/administradores,"App\Modulos\Usuario\Controllers\UsuarioController",ListarAdministradoresMaquina,USUARIO,UsuarioService,USUARIOMAQUINA,RW,HEURISTICO_MODULO
GET,/api/maquina/{tnMaquina}/administradores,"App\Modulos\Usuario\Controllers\UsuarioController",ListarAdministradoresMaquina,USUARIO,UsuarioService,USUARIOROL,RW,HEURISTICO_MODULO
POST,/api/maquina/{tnMaquina}/celdas/asignar-producto,"App\Modulos\MaquinaCeldas\Controllers\MaquinaCeldasController",AsignarProducto,MAQUINACELDAS,MaquinaCeldasService,CELDA,RW,HEURISTICO_MODULO
POST,/api/maquina/{tnMaquina}/celdas/asignar-producto,"App\Modulos\MaquinaCeldas\Controllers\MaquinaCeldasController",AsignarProducto,MAQUINACELDAS,MaquinaCeldasService,CELDACONFLICTO,RW,HEURISTICO_MODULO
POST,/api/maquina/{tnMaquina}/celdas/asignar-producto,"App\Modulos\MaquinaCeldas\Controllers\MaquinaCeldasController",AsignarProducto,MAQUINACELDAS,MaquinaCeldasService,CELDAOCUPACION,W,HEURISTICO_MODULO
POST,/api/maquina/{tnMaquina}/celdas/asignar-producto,"App\Modulos\MaquinaCeldas\Controllers\MaquinaCeldasController",AsignarProducto,MAQUINACELDAS,MaquinaCeldasService,CELDAOCUPACIONDETALLE,RW,HEURISTICO_MODULO
POST,/api/maquina/{tnMaquina}/celdas/asignar-producto,"App\Modulos\MaquinaCeldas\Controllers\MaquinaCeldasController",AsignarProducto,MAQUINACELDAS,MaquinaCeldasService,LOTE,R,HEURISTICO_MODULO
POST,/api/maquina/{tnMaquina}/celdas/asignar-producto,"App\Modulos\MaquinaCeldas\Controllers\MaquinaCeldasController",AsignarProducto,MAQUINACELDAS,MaquinaCeldasService,MAQUINA,W,HEURISTICO_MODULO
POST,/api/maquina/{tnMaquina}/celdas/asignar-producto,"App\Modulos\MaquinaCeldas\Controllers\MaquinaCeldasController",AsignarProducto,MAQUINACELDAS,MaquinaCeldasService,PRODUCTO,R,HEURISTICO_MODULO
GET,/api/maquina/{tnMaquina}/celdas/conflictos,"App\Modulos\MaquinaCeldas\Controllers\MaquinaCeldasController",Conflictos,MAQUINACELDAS,MaquinaCeldasService,CELDA,RW,HEURISTICO_MODULO
GET,/api/maquina/{tnMaquina}/celdas/conflictos,"App\Modulos\MaquinaCeldas\Controllers\MaquinaCeldasController",Conflictos,MAQUINACELDAS,MaquinaCeldasService,CELDACONFLICTO,RW,HEURISTICO_MODULO
GET,/api/maquina/{tnMaquina}/celdas/conflictos,"App\Modulos\MaquinaCeldas\Controllers\MaquinaCeldasController",Conflictos,MAQUINACELDAS,MaquinaCeldasService,CELDAOCUPACION,W,HEURISTICO_MODULO
GET,/api/maquina/{tnMaquina}/celdas/conflictos,"App\Modulos\MaquinaCeldas\Controllers\MaquinaCeldasController",Conflictos,MAQUINACELDAS,MaquinaCeldasService,CELDAOCUPACIONDETALLE,RW,HEURISTICO_MODULO
GET,/api/maquina/{tnMaquina}/celdas/conflictos,"App\Modulos\MaquinaCeldas\Controllers\MaquinaCeldasController",Conflictos,MAQUINACELDAS,MaquinaCeldasService,LOTE,R,HEURISTICO_MODULO
GET,/api/maquina/{tnMaquina}/celdas/conflictos,"App\Modulos\MaquinaCeldas\Controllers\MaquinaCeldasController",Conflictos,MAQUINACELDAS,MaquinaCeldasService,MAQUINA,W,HEURISTICO_MODULO
GET,/api/maquina/{tnMaquina}/celdas/conflictos,"App\Modulos\MaquinaCeldas\Controllers\MaquinaCeldasController",Conflictos,MAQUINACELDAS,MaquinaCeldasService,PRODUCTO,R,HEURISTICO_MODULO
POST,/api/maquina/{tnMaquina}/celdas/liberar,"App\Modulos\MaquinaCeldas\Controllers\MaquinaCeldasController",Liberar,MAQUINACELDAS,MaquinaCeldasService,CELDA,RW,HEURISTICO_MODULO
POST,/api/maquina/{tnMaquina}/celdas/liberar,"App\Modulos\MaquinaCeldas\Controllers\MaquinaCeldasController",Liberar,MAQUINACELDAS,MaquinaCeldasService,CELDACONFLICTO,RW,HEURISTICO_MODULO
POST,/api/maquina/{tnMaquina}/celdas/liberar,"App\Modulos\MaquinaCeldas\Controllers\MaquinaCeldasController",Liberar,MAQUINACELDAS,MaquinaCeldasService,CELDAOCUPACION,W,HEURISTICO_MODULO
POST,/api/maquina/{tnMaquina}/celdas/liberar,"App\Modulos\MaquinaCeldas\Controllers\MaquinaCeldasController",Liberar,MAQUINACELDAS,MaquinaCeldasService,CELDAOCUPACIONDETALLE,RW,HEURISTICO_MODULO
POST,/api/maquina/{tnMaquina}/celdas/liberar,"App\Modulos\MaquinaCeldas\Controllers\MaquinaCeldasController",Liberar,MAQUINACELDAS,MaquinaCeldasService,LOTE,R,HEURISTICO_MODULO
POST,/api/maquina/{tnMaquina}/celdas/liberar,"App\Modulos\MaquinaCeldas\Controllers\MaquinaCeldasController",Liberar,MAQUINACELDAS,MaquinaCeldasService,MAQUINA,W,HEURISTICO_MODULO
POST,/api/maquina/{tnMaquina}/celdas/liberar,"App\Modulos\MaquinaCeldas\Controllers\MaquinaCeldasController",Liberar,MAQUINACELDAS,MaquinaCeldasService,PRODUCTO,R,HEURISTICO_MODULO
GET,/api/maquina/{tnMaquina}/celdas/matriz,"App\Modulos\MaquinaCeldas\Controllers\MaquinaCeldasController",Matriz,MAQUINACELDAS,MaquinaCeldasService,CELDA,RW,HEURISTICO_MODULO
GET,/api/maquina/{tnMaquina}/celdas/matriz,"App\Modulos\MaquinaCeldas\Controllers\MaquinaCeldasController",Matriz,MAQUINACELDAS,MaquinaCeldasService,CELDACONFLICTO,RW,HEURISTICO_MODULO
GET,/api/maquina/{tnMaquina}/celdas/matriz,"App\Modulos\MaquinaCeldas\Controllers\MaquinaCeldasController",Matriz,MAQUINACELDAS,MaquinaCeldasService,CELDAOCUPACION,W,HEURISTICO_MODULO
GET,/api/maquina/{tnMaquina}/celdas/matriz,"App\Modulos\MaquinaCeldas\Controllers\MaquinaCeldasController",Matriz,MAQUINACELDAS,MaquinaCeldasService,CELDAOCUPACIONDETALLE,RW,HEURISTICO_MODULO
GET,/api/maquina/{tnMaquina}/celdas/matriz,"App\Modulos\MaquinaCeldas\Controllers\MaquinaCeldasController",Matriz,MAQUINACELDAS,MaquinaCeldasService,LOTE,R,HEURISTICO_MODULO
GET,/api/maquina/{tnMaquina}/celdas/matriz,"App\Modulos\MaquinaCeldas\Controllers\MaquinaCeldasController",Matriz,MAQUINACELDAS,MaquinaCeldasService,MAQUINA,W,HEURISTICO_MODULO
GET,/api/maquina/{tnMaquina}/celdas/matriz,"App\Modulos\MaquinaCeldas\Controllers\MaquinaCeldasController",Matriz,MAQUINACELDAS,MaquinaCeldasService,PRODUCTO,R,HEURISTICO_MODULO
POST,/api/maquina/{tnMaquina}/celdas/simular-ocupacion,"App\Modulos\MaquinaCeldas\Controllers\MaquinaCeldasController",SimularOcupacion,MAQUINACELDAS,MaquinaCeldasService,CELDA,RW,HEURISTICO_MODULO
POST,/api/maquina/{tnMaquina}/celdas/simular-ocupacion,"App\Modulos\MaquinaCeldas\Controllers\MaquinaCeldasController",SimularOcupacion,MAQUINACELDAS,MaquinaCeldasService,CELDACONFLICTO,RW,HEURISTICO_MODULO
POST,/api/maquina/{tnMaquina}/celdas/simular-ocupacion,"App\Modulos\MaquinaCeldas\Controllers\MaquinaCeldasController",SimularOcupacion,MAQUINACELDAS,MaquinaCeldasService,CELDAOCUPACION,W,HEURISTICO_MODULO
POST,/api/maquina/{tnMaquina}/celdas/simular-ocupacion,"App\Modulos\MaquinaCeldas\Controllers\MaquinaCeldasController",SimularOcupacion,MAQUINACELDAS,MaquinaCeldasService,CELDAOCUPACIONDETALLE,RW,HEURISTICO_MODULO
POST,/api/maquina/{tnMaquina}/celdas/simular-ocupacion,"App\Modulos\MaquinaCeldas\Controllers\MaquinaCeldasController",SimularOcupacion,MAQUINACELDAS,MaquinaCeldasService,LOTE,R,HEURISTICO_MODULO
POST,/api/maquina/{tnMaquina}/celdas/simular-ocupacion,"App\Modulos\MaquinaCeldas\Controllers\MaquinaCeldasController",SimularOcupacion,MAQUINACELDAS,MaquinaCeldasService,MAQUINA,W,HEURISTICO_MODULO
POST,/api/maquina/{tnMaquina}/celdas/simular-ocupacion,"App\Modulos\MaquinaCeldas\Controllers\MaquinaCeldasController",SimularOcupacion,MAQUINACELDAS,MaquinaCeldasService,PRODUCTO,R,HEURISTICO_MODULO
GET,/api/maquina/{tnMaquina}/estado-operativo,"App\Modulos\MaquinaOperativo\Controllers\MaquinaOperativoController",ObtenerEstadoOperativo,MAQUINAOPERATIVO,MaquinaOperativoService,MAQUINA,RW,HEURISTICO_MODULO
GET,/api/maquina/{tnMaquina}/estado-operativo,"App\Modulos\MaquinaOperativo\Controllers\MaquinaOperativoController",ObtenerEstadoOperativo,MAQUINAOPERATIVO,MaquinaOperativoService,MAQUINAESTADOOPERATIVO,RW,HEURISTICO_MODULO
GET,/api/maquina/{tnMaquina}/estado-operativo,"App\Modulos\MaquinaOperativo\Controllers\MaquinaOperativoController",ObtenerEstadoOperativo,MAQUINAOPERATIVO,MaquinaOperativoService,MAQUINAESTADOOPERATIVOHISTORIAL,RW,HEURISTICO_MODULO
GET,/api/maquina/{tnMaquina}/estado-operativo,"App\Modulos\MaquinaOperativo\Controllers\MaquinaOperativoController",ObtenerEstadoOperativo,MAQUINAOPERATIVO,MaquinaOperativoService,UBICACION,W,HEURISTICO_MODULO
POST,/api/maquina/{tnMaquina}/estado-operativo,"App\Modulos\MaquinaOperativo\Controllers\MaquinaOperativoController",ActualizarEstadoOperativo,MAQUINAOPERATIVO,MaquinaOperativoService,MAQUINA,RW,HEURISTICO_MODULO
POST,/api/maquina/{tnMaquina}/estado-operativo,"App\Modulos\MaquinaOperativo\Controllers\MaquinaOperativoController",ActualizarEstadoOperativo,MAQUINAOPERATIVO,MaquinaOperativoService,MAQUINAESTADOOPERATIVO,RW,HEURISTICO_MODULO
POST,/api/maquina/{tnMaquina}/estado-operativo,"App\Modulos\MaquinaOperativo\Controllers\MaquinaOperativoController",ActualizarEstadoOperativo,MAQUINAOPERATIVO,MaquinaOperativoService,MAQUINAESTADOOPERATIVOHISTORIAL,RW,HEURISTICO_MODULO
POST,/api/maquina/{tnMaquina}/estado-operativo,"App\Modulos\MaquinaOperativo\Controllers\MaquinaOperativoController",ActualizarEstadoOperativo,MAQUINAOPERATIVO,MaquinaOperativoService,UBICACION,W,HEURISTICO_MODULO
GET,/api/maquina/{tnMaquina}/estado-operativo/historial,"App\Modulos\MaquinaOperativo\Controllers\MaquinaOperativoController",HistorialEstadoOperativo,MAQUINAOPERATIVO,MaquinaOperativoService,MAQUINA,RW,HEURISTICO_MODULO
GET,/api/maquina/{tnMaquina}/estado-operativo/historial,"App\Modulos\MaquinaOperativo\Controllers\MaquinaOperativoController",HistorialEstadoOperativo,MAQUINAOPERATIVO,MaquinaOperativoService,MAQUINAESTADOOPERATIVO,RW,HEURISTICO_MODULO
GET,/api/maquina/{tnMaquina}/estado-operativo/historial,"App\Modulos\MaquinaOperativo\Controllers\MaquinaOperativoController",HistorialEstadoOperativo,MAQUINAOPERATIVO,MaquinaOperativoService,MAQUINAESTADOOPERATIVOHISTORIAL,RW,HEURISTICO_MODULO
GET,/api/maquina/{tnMaquina}/estado-operativo/historial,"App\Modulos\MaquinaOperativo\Controllers\MaquinaOperativoController",HistorialEstadoOperativo,MAQUINAOPERATIVO,MaquinaOperativoService,UBICACION,W,HEURISTICO_MODULO
GET,/api/maquina/{tnMaquina}/operadores,"App\Modulos\Usuario\Controllers\UsuarioController",ListarOperadoresMaquina,USUARIO,UsuarioService,ROL,W,HEURISTICO_MODULO
GET,/api/maquina/{tnMaquina}/operadores,"App\Modulos\Usuario\Controllers\UsuarioController",ListarOperadoresMaquina,USUARIO,UsuarioService,USUARIO,RW,HEURISTICO_MODULO
GET,/api/maquina/{tnMaquina}/operadores,"App\Modulos\Usuario\Controllers\UsuarioController",ListarOperadoresMaquina,USUARIO,UsuarioService,USUARIOMAQUINA,RW,HEURISTICO_MODULO
GET,/api/maquina/{tnMaquina}/operadores,"App\Modulos\Usuario\Controllers\UsuarioController",ListarOperadoresMaquina,USUARIO,UsuarioService,USUARIOROL,RW,HEURISTICO_MODULO
GET,/api/maquina/{tnMaquina}/ubicacion,"App\Modulos\MaquinaOperativo\Controllers\MaquinaOperativoController",ObtenerUbicacion,MAQUINAOPERATIVO,MaquinaOperativoService,MAQUINA,RW,HEURISTICO_MODULO
GET,/api/maquina/{tnMaquina}/ubicacion,"App\Modulos\MaquinaOperativo\Controllers\MaquinaOperativoController",ObtenerUbicacion,MAQUINAOPERATIVO,MaquinaOperativoService,MAQUINAESTADOOPERATIVO,RW,HEURISTICO_MODULO
GET,/api/maquina/{tnMaquina}/ubicacion,"App\Modulos\MaquinaOperativo\Controllers\MaquinaOperativoController",ObtenerUbicacion,MAQUINAOPERATIVO,MaquinaOperativoService,MAQUINAESTADOOPERATIVOHISTORIAL,RW,HEURISTICO_MODULO
GET,/api/maquina/{tnMaquina}/ubicacion,"App\Modulos\MaquinaOperativo\Controllers\MaquinaOperativoController",ObtenerUbicacion,MAQUINAOPERATIVO,MaquinaOperativoService,UBICACION,W,HEURISTICO_MODULO
PUT,/api/maquina/{tnMaquina}/ubicacion,"App\Modulos\MaquinaOperativo\Controllers\MaquinaOperativoController",ActualizarUbicacion,MAQUINAOPERATIVO,MaquinaOperativoService,MAQUINA,RW,HEURISTICO_MODULO
PUT,/api/maquina/{tnMaquina}/ubicacion,"App\Modulos\MaquinaOperativo\Controllers\MaquinaOperativoController",ActualizarUbicacion,MAQUINAOPERATIVO,MaquinaOperativoService,MAQUINAESTADOOPERATIVO,RW,HEURISTICO_MODULO
PUT,/api/maquina/{tnMaquina}/ubicacion,"App\Modulos\MaquinaOperativo\Controllers\MaquinaOperativoController",ActualizarUbicacion,MAQUINAOPERATIVO,MaquinaOperativoService,MAQUINAESTADOOPERATIVOHISTORIAL,RW,HEURISTICO_MODULO
PUT,/api/maquina/{tnMaquina}/ubicacion,"App\Modulos\MaquinaOperativo\Controllers\MaquinaOperativoController",ActualizarUbicacion,MAQUINAOPERATIVO,MaquinaOperativoService,UBICACION,W,HEURISTICO_MODULO
GET,/api/merma,"App\Modulos\Merma\Controllers\MermaController",Listar,MERMA,MermaService,EXISTENCIACELDA,W,HEURISTICO_MODULO
GET,/api/merma,"App\Modulos\Merma\Controllers\MermaController",Listar,MERMA,MermaService,MERMA,RW,HEURISTICO_MODULO
GET,/api/merma,"App\Modulos\Merma\Controllers\MermaController",Listar,MERMA,MermaService,MERMADETALLE,RW,HEURISTICO_MODULO
GET,/api/merma,"App\Modulos\Merma\Controllers\MermaController",Listar,MERMA,MermaService,MERMAEVIDENCIA,RW,HEURISTICO_MODULO
GET,/api/merma,"App\Modulos\Merma\Controllers\MermaController",Listar,MERMA,MermaService,MOVIMIENTOINVENTARIO,W,HEURISTICO_MODULO
GET,/api/merma,"App\Modulos\Merma\Controllers\MermaController",Listar,MERMA,MermaService,TIPOMOVIMIENTOINVENTARIO,RW,HEURISTICO_MODULO
POST,/api/merma,"App\Modulos\Merma\Controllers\MermaController",Crear,MERMA,MermaService,EXISTENCIACELDA,W,HEURISTICO_MODULO
POST,/api/merma,"App\Modulos\Merma\Controllers\MermaController",Crear,MERMA,MermaService,MERMA,RW,HEURISTICO_MODULO
POST,/api/merma,"App\Modulos\Merma\Controllers\MermaController",Crear,MERMA,MermaService,MERMADETALLE,RW,HEURISTICO_MODULO
POST,/api/merma,"App\Modulos\Merma\Controllers\MermaController",Crear,MERMA,MermaService,MERMAEVIDENCIA,RW,HEURISTICO_MODULO
POST,/api/merma,"App\Modulos\Merma\Controllers\MermaController",Crear,MERMA,MermaService,MOVIMIENTOINVENTARIO,W,HEURISTICO_MODULO
POST,/api/merma,"App\Modulos\Merma\Controllers\MermaController",Crear,MERMA,MermaService,TIPOMOVIMIENTOINVENTARIO,RW,HEURISTICO_MODULO
DELETE,/api/merma/{tnMerma},"App\Modulos\Merma\Controllers\MermaController",Eliminar,MERMA,MermaService,EXISTENCIACELDA,W,HEURISTICO_MODULO
DELETE,/api/merma/{tnMerma},"App\Modulos\Merma\Controllers\MermaController",Eliminar,MERMA,MermaService,MERMA,RW,HEURISTICO_MODULO
DELETE,/api/merma/{tnMerma},"App\Modulos\Merma\Controllers\MermaController",Eliminar,MERMA,MermaService,MERMADETALLE,RW,HEURISTICO_MODULO
DELETE,/api/merma/{tnMerma},"App\Modulos\Merma\Controllers\MermaController",Eliminar,MERMA,MermaService,MERMAEVIDENCIA,RW,HEURISTICO_MODULO
DELETE,/api/merma/{tnMerma},"App\Modulos\Merma\Controllers\MermaController",Eliminar,MERMA,MermaService,MOVIMIENTOINVENTARIO,W,HEURISTICO_MODULO
DELETE,/api/merma/{tnMerma},"App\Modulos\Merma\Controllers\MermaController",Eliminar,MERMA,MermaService,TIPOMOVIMIENTOINVENTARIO,RW,HEURISTICO_MODULO
GET,/api/merma/{tnMerma},"App\Modulos\Merma\Controllers\MermaController",Obtener,MERMA,MermaService,EXISTENCIACELDA,W,HEURISTICO_MODULO
GET,/api/merma/{tnMerma},"App\Modulos\Merma\Controllers\MermaController",Obtener,MERMA,MermaService,MERMA,RW,HEURISTICO_MODULO
GET,/api/merma/{tnMerma},"App\Modulos\Merma\Controllers\MermaController",Obtener,MERMA,MermaService,MERMADETALLE,RW,HEURISTICO_MODULO
GET,/api/merma/{tnMerma},"App\Modulos\Merma\Controllers\MermaController",Obtener,MERMA,MermaService,MERMAEVIDENCIA,RW,HEURISTICO_MODULO
GET,/api/merma/{tnMerma},"App\Modulos\Merma\Controllers\MermaController",Obtener,MERMA,MermaService,MOVIMIENTOINVENTARIO,W,HEURISTICO_MODULO
GET,/api/merma/{tnMerma},"App\Modulos\Merma\Controllers\MermaController",Obtener,MERMA,MermaService,TIPOMOVIMIENTOINVENTARIO,RW,HEURISTICO_MODULO
PATCH,/api/merma/{tnMerma},"App\Modulos\Merma\Controllers\MermaController",ActualizarParcial,MERMA,MermaService,EXISTENCIACELDA,W,HEURISTICO_MODULO
PATCH,/api/merma/{tnMerma},"App\Modulos\Merma\Controllers\MermaController",ActualizarParcial,MERMA,MermaService,MERMA,RW,HEURISTICO_MODULO
PATCH,/api/merma/{tnMerma},"App\Modulos\Merma\Controllers\MermaController",ActualizarParcial,MERMA,MermaService,MERMADETALLE,RW,HEURISTICO_MODULO
PATCH,/api/merma/{tnMerma},"App\Modulos\Merma\Controllers\MermaController",ActualizarParcial,MERMA,MermaService,MERMAEVIDENCIA,RW,HEURISTICO_MODULO
PATCH,/api/merma/{tnMerma},"App\Modulos\Merma\Controllers\MermaController",ActualizarParcial,MERMA,MermaService,MOVIMIENTOINVENTARIO,W,HEURISTICO_MODULO
PATCH,/api/merma/{tnMerma},"App\Modulos\Merma\Controllers\MermaController",ActualizarParcial,MERMA,MermaService,TIPOMOVIMIENTOINVENTARIO,RW,HEURISTICO_MODULO
PUT,/api/merma/{tnMerma},"App\Modulos\Merma\Controllers\MermaController",Actualizar,MERMA,MermaService,EXISTENCIACELDA,W,HEURISTICO_MODULO
PUT,/api/merma/{tnMerma},"App\Modulos\Merma\Controllers\MermaController",Actualizar,MERMA,MermaService,MERMA,RW,HEURISTICO_MODULO
PUT,/api/merma/{tnMerma},"App\Modulos\Merma\Controllers\MermaController",Actualizar,MERMA,MermaService,MERMADETALLE,RW,HEURISTICO_MODULO
PUT,/api/merma/{tnMerma},"App\Modulos\Merma\Controllers\MermaController",Actualizar,MERMA,MermaService,MERMAEVIDENCIA,RW,HEURISTICO_MODULO
PUT,/api/merma/{tnMerma},"App\Modulos\Merma\Controllers\MermaController",Actualizar,MERMA,MermaService,MOVIMIENTOINVENTARIO,W,HEURISTICO_MODULO
PUT,/api/merma/{tnMerma},"App\Modulos\Merma\Controllers\MermaController",Actualizar,MERMA,MermaService,TIPOMOVIMIENTOINVENTARIO,RW,HEURISTICO_MODULO
POST,/api/merma/{tnMerma}/aprobar,"App\Modulos\Merma\Controllers\MermaController",Aprobar,MERMA,MermaService,EXISTENCIACELDA,W,HEURISTICO_MODULO
POST,/api/merma/{tnMerma}/aprobar,"App\Modulos\Merma\Controllers\MermaController",Aprobar,MERMA,MermaService,MERMA,RW,HEURISTICO_MODULO
POST,/api/merma/{tnMerma}/aprobar,"App\Modulos\Merma\Controllers\MermaController",Aprobar,MERMA,MermaService,MERMADETALLE,RW,HEURISTICO_MODULO
POST,/api/merma/{tnMerma}/aprobar,"App\Modulos\Merma\Controllers\MermaController",Aprobar,MERMA,MermaService,MERMAEVIDENCIA,RW,HEURISTICO_MODULO
POST,/api/merma/{tnMerma}/aprobar,"App\Modulos\Merma\Controllers\MermaController",Aprobar,MERMA,MermaService,MOVIMIENTOINVENTARIO,W,HEURISTICO_MODULO
POST,/api/merma/{tnMerma}/aprobar,"App\Modulos\Merma\Controllers\MermaController",Aprobar,MERMA,MermaService,TIPOMOVIMIENTOINVENTARIO,RW,HEURISTICO_MODULO
POST,/api/merma/{tnMerma}/detalle,"App\Modulos\Merma\Controllers\MermaController",AgregarDetalle,MERMA,MermaService,EXISTENCIACELDA,W,HEURISTICO_MODULO
POST,/api/merma/{tnMerma}/detalle,"App\Modulos\Merma\Controllers\MermaController",AgregarDetalle,MERMA,MermaService,MERMA,RW,HEURISTICO_MODULO
POST,/api/merma/{tnMerma}/detalle,"App\Modulos\Merma\Controllers\MermaController",AgregarDetalle,MERMA,MermaService,MERMADETALLE,RW,HEURISTICO_MODULO
POST,/api/merma/{tnMerma}/detalle,"App\Modulos\Merma\Controllers\MermaController",AgregarDetalle,MERMA,MermaService,MERMAEVIDENCIA,RW,HEURISTICO_MODULO
POST,/api/merma/{tnMerma}/detalle,"App\Modulos\Merma\Controllers\MermaController",AgregarDetalle,MERMA,MermaService,MOVIMIENTOINVENTARIO,W,HEURISTICO_MODULO
POST,/api/merma/{tnMerma}/detalle,"App\Modulos\Merma\Controllers\MermaController",AgregarDetalle,MERMA,MermaService,TIPOMOVIMIENTOINVENTARIO,RW,HEURISTICO_MODULO
DELETE,/api/merma/{tnMerma}/detalle/{tnMermaDetalle},"App\Modulos\Merma\Controllers\MermaController",QuitarDetalle,MERMA,MermaService,EXISTENCIACELDA,W,HEURISTICO_MODULO
DELETE,/api/merma/{tnMerma}/detalle/{tnMermaDetalle},"App\Modulos\Merma\Controllers\MermaController",QuitarDetalle,MERMA,MermaService,MERMA,RW,HEURISTICO_MODULO
DELETE,/api/merma/{tnMerma}/detalle/{tnMermaDetalle},"App\Modulos\Merma\Controllers\MermaController",QuitarDetalle,MERMA,MermaService,MERMADETALLE,RW,HEURISTICO_MODULO
DELETE,/api/merma/{tnMerma}/detalle/{tnMermaDetalle},"App\Modulos\Merma\Controllers\MermaController",QuitarDetalle,MERMA,MermaService,MERMAEVIDENCIA,RW,HEURISTICO_MODULO
DELETE,/api/merma/{tnMerma}/detalle/{tnMermaDetalle},"App\Modulos\Merma\Controllers\MermaController",QuitarDetalle,MERMA,MermaService,MOVIMIENTOINVENTARIO,W,HEURISTICO_MODULO
DELETE,/api/merma/{tnMerma}/detalle/{tnMermaDetalle},"App\Modulos\Merma\Controllers\MermaController",QuitarDetalle,MERMA,MermaService,TIPOMOVIMIENTOINVENTARIO,RW,HEURISTICO_MODULO
GET,/api/merma/{tnMerma}/evidencia,"App\Modulos\Merma\Controllers\MermaController",ListarEvidencias,MERMA,MermaService,EXISTENCIACELDA,W,HEURISTICO_MODULO
GET,/api/merma/{tnMerma}/evidencia,"App\Modulos\Merma\Controllers\MermaController",ListarEvidencias,MERMA,MermaService,MERMA,RW,HEURISTICO_MODULO
GET,/api/merma/{tnMerma}/evidencia,"App\Modulos\Merma\Controllers\MermaController",ListarEvidencias,MERMA,MermaService,MERMADETALLE,RW,HEURISTICO_MODULO
GET,/api/merma/{tnMerma}/evidencia,"App\Modulos\Merma\Controllers\MermaController",ListarEvidencias,MERMA,MermaService,MERMAEVIDENCIA,RW,HEURISTICO_MODULO
GET,/api/merma/{tnMerma}/evidencia,"App\Modulos\Merma\Controllers\MermaController",ListarEvidencias,MERMA,MermaService,MOVIMIENTOINVENTARIO,W,HEURISTICO_MODULO
GET,/api/merma/{tnMerma}/evidencia,"App\Modulos\Merma\Controllers\MermaController",ListarEvidencias,MERMA,MermaService,TIPOMOVIMIENTOINVENTARIO,RW,HEURISTICO_MODULO
POST,/api/merma/{tnMerma}/evidencia/subir,"App\Modulos\Merma\Controllers\MermaController",SubirEvidencia,MERMA,MermaService,EXISTENCIACELDA,W,HEURISTICO_MODULO
POST,/api/merma/{tnMerma}/evidencia/subir,"App\Modulos\Merma\Controllers\MermaController",SubirEvidencia,MERMA,MermaService,MERMA,RW,HEURISTICO_MODULO
POST,/api/merma/{tnMerma}/evidencia/subir,"App\Modulos\Merma\Controllers\MermaController",SubirEvidencia,MERMA,MermaService,MERMADETALLE,RW,HEURISTICO_MODULO
POST,/api/merma/{tnMerma}/evidencia/subir,"App\Modulos\Merma\Controllers\MermaController",SubirEvidencia,MERMA,MermaService,MERMAEVIDENCIA,RW,HEURISTICO_MODULO
POST,/api/merma/{tnMerma}/evidencia/subir,"App\Modulos\Merma\Controllers\MermaController",SubirEvidencia,MERMA,MermaService,MOVIMIENTOINVENTARIO,W,HEURISTICO_MODULO
POST,/api/merma/{tnMerma}/evidencia/subir,"App\Modulos\Merma\Controllers\MermaController",SubirEvidencia,MERMA,MermaService,TIPOMOVIMIENTOINVENTARIO,RW,HEURISTICO_MODULO
POST,/api/merma/{tnMerma}/rechazar,"App\Modulos\Merma\Controllers\MermaController",Rechazar,MERMA,MermaService,EXISTENCIACELDA,W,HEURISTICO_MODULO
POST,/api/merma/{tnMerma}/rechazar,"App\Modulos\Merma\Controllers\MermaController",Rechazar,MERMA,MermaService,MERMA,RW,HEURISTICO_MODULO
POST,/api/merma/{tnMerma}/rechazar,"App\Modulos\Merma\Controllers\MermaController",Rechazar,MERMA,MermaService,MERMADETALLE,RW,HEURISTICO_MODULO
POST,/api/merma/{tnMerma}/rechazar,"App\Modulos\Merma\Controllers\MermaController",Rechazar,MERMA,MermaService,MERMAEVIDENCIA,RW,HEURISTICO_MODULO
POST,/api/merma/{tnMerma}/rechazar,"App\Modulos\Merma\Controllers\MermaController",Rechazar,MERMA,MermaService,MOVIMIENTOINVENTARIO,W,HEURISTICO_MODULO
POST,/api/merma/{tnMerma}/rechazar,"App\Modulos\Merma\Controllers\MermaController",Rechazar,MERMA,MermaService,TIPOMOVIMIENTOINVENTARIO,RW,HEURISTICO_MODULO
GET,/api/planogramacelda,"App\Modulos\PlanogramaCelda\Controllers\PlanogramaCeldaController",Listar,PLANOGRAMACELDA,PlanogramaCeldaService,PLANOGRAMACELDA,RW,HEURISTICO_MODULO
POST,/api/planogramacelda,"App\Modulos\PlanogramaCelda\Controllers\PlanogramaCeldaController",Crear,PLANOGRAMACELDA,PlanogramaCeldaService,PLANOGRAMACELDA,RW,HEURISTICO_MODULO
DELETE,/api/planogramacelda/{tnPlanogramaCelda},"App\Modulos\PlanogramaCelda\Controllers\PlanogramaCeldaController",EliminarLogico,PLANOGRAMACELDA,PlanogramaCeldaService,PLANOGRAMACELDA,RW,HEURISTICO_MODULO
GET,/api/planogramacelda/{tnPlanogramaCelda},"App\Modulos\PlanogramaCelda\Controllers\PlanogramaCeldaController",Obtener,PLANOGRAMACELDA,PlanogramaCeldaService,PLANOGRAMACELDA,RW,HEURISTICO_MODULO
PATCH,/api/planogramacelda/{tnPlanogramaCelda},"App\Modulos\PlanogramaCelda\Controllers\PlanogramaCeldaController",ActualizarParcial,PLANOGRAMACELDA,PlanogramaCeldaService,PLANOGRAMACELDA,RW,HEURISTICO_MODULO
PUT,/api/planogramacelda/{tnPlanogramaCelda},"App\Modulos\PlanogramaCelda\Controllers\PlanogramaCeldaController",Actualizar,PLANOGRAMACELDA,PlanogramaCeldaService,PLANOGRAMACELDA,RW,HEURISTICO_MODULO
PATCH,/api/planogramacelda/{tnPlanogramaCelda}/precio,"App\Modulos\PlanogramaCelda\Controllers\PlanogramaCeldaController",ActualizarPrecio,PLANOGRAMACELDA,PlanogramaCeldaService,PLANOGRAMACELDA,RW,HEURISTICO_MODULO
GET,/api/producto,"App\Modulos\Producto\Controllers\ProductoController",Listar,PRODUCTO,ProductoService,PRODUCTO,RW,HEURISTICO_MODULO
POST,/api/producto,"App\Modulos\Producto\Controllers\ProductoController",Crear,PRODUCTO,ProductoService,PRODUCTO,RW,HEURISTICO_MODULO
DELETE,/api/producto/{tnProducto},"App\Modulos\Producto\Controllers\ProductoController",EliminarLogico,PRODUCTO,ProductoService,PRODUCTO,RW,HEURISTICO_MODULO
GET,/api/producto/{tnProducto},"App\Modulos\Producto\Controllers\ProductoController",Obtener,PRODUCTO,ProductoService,PRODUCTO,RW,HEURISTICO_MODULO
PATCH,/api/producto/{tnProducto},"App\Modulos\Producto\Controllers\ProductoController",ActualizarParcial,PRODUCTO,ProductoService,PRODUCTO,RW,HEURISTICO_MODULO
PUT,/api/producto/{tnProducto},"App\Modulos\Producto\Controllers\ProductoController",Actualizar,PRODUCTO,ProductoService,PRODUCTO,RW,HEURISTICO_MODULO
GET,/api/producto/{tnProducto}/diseno,"App\Modulos\ProductoDiseno\Controllers\ProductoDisenoController",ObtenerDiseno,PRODUCTODISENO,ProductoDisenoService,PRODUCTO,RW,HEURISTICO_MODULO
GET,/api/producto/{tnProducto}/diseno,"App\Modulos\ProductoDiseno\Controllers\ProductoDisenoController",ObtenerDiseno,PRODUCTODISENO,ProductoDisenoService,PRODUCTODISENO,RW,HEURISTICO_MODULO
GET,/api/producto/{tnProducto}/diseno,"App\Modulos\ProductoDiseno\Controllers\ProductoDisenoController",ObtenerDiseno,PRODUCTODISENO,ProductoDisenoService,PRODUCTODISENOCAPA,RW,HEURISTICO_MODULO
GET,/api/producto/{tnProducto}/diseno,"App\Modulos\ProductoDiseno\Controllers\ProductoDisenoController",ObtenerDiseno,PRODUCTODISENO,ProductoDisenoService,PRODUCTOIMAGEN,RW,HEURISTICO_MODULO
GET,/api/producto/{tnProducto}/diseno,"App\Modulos\ProductoDiseno\Controllers\ProductoDisenoController",ObtenerDiseno,PRODUCTODISENO,ProductoDisenoService,TIPOIMAGEN,RW,HEURISTICO_MODULO
PATCH,/api/producto/{tnProducto}/diseno,"App\Modulos\ProductoDiseno\Controllers\ProductoDisenoController",ActualizarDiseno,PRODUCTODISENO,ProductoDisenoService,PRODUCTO,RW,HEURISTICO_MODULO
PATCH,/api/producto/{tnProducto}/diseno,"App\Modulos\ProductoDiseno\Controllers\ProductoDisenoController",ActualizarDiseno,PRODUCTODISENO,ProductoDisenoService,PRODUCTODISENO,RW,HEURISTICO_MODULO
PATCH,/api/producto/{tnProducto}/diseno,"App\Modulos\ProductoDiseno\Controllers\ProductoDisenoController",ActualizarDiseno,PRODUCTODISENO,ProductoDisenoService,PRODUCTODISENOCAPA,RW,HEURISTICO_MODULO
PATCH,/api/producto/{tnProducto}/diseno,"App\Modulos\ProductoDiseno\Controllers\ProductoDisenoController",ActualizarDiseno,PRODUCTODISENO,ProductoDisenoService,PRODUCTOIMAGEN,RW,HEURISTICO_MODULO
PATCH,/api/producto/{tnProducto}/diseno,"App\Modulos\ProductoDiseno\Controllers\ProductoDisenoController",ActualizarDiseno,PRODUCTODISENO,ProductoDisenoService,TIPOIMAGEN,RW,HEURISTICO_MODULO
POST,/api/producto/{tnProducto}/diseno,"App\Modulos\ProductoDiseno\Controllers\ProductoDisenoController",CrearDiseno,PRODUCTODISENO,ProductoDisenoService,PRODUCTO,RW,HEURISTICO_MODULO
POST,/api/producto/{tnProducto}/diseno,"App\Modulos\ProductoDiseno\Controllers\ProductoDisenoController",CrearDiseno,PRODUCTODISENO,ProductoDisenoService,PRODUCTODISENO,RW,HEURISTICO_MODULO
POST,/api/producto/{tnProducto}/diseno,"App\Modulos\ProductoDiseno\Controllers\ProductoDisenoController",CrearDiseno,PRODUCTODISENO,ProductoDisenoService,PRODUCTODISENOCAPA,RW,HEURISTICO_MODULO
POST,/api/producto/{tnProducto}/diseno,"App\Modulos\ProductoDiseno\Controllers\ProductoDisenoController",CrearDiseno,PRODUCTODISENO,ProductoDisenoService,PRODUCTOIMAGEN,RW,HEURISTICO_MODULO
POST,/api/producto/{tnProducto}/diseno,"App\Modulos\ProductoDiseno\Controllers\ProductoDisenoController",CrearDiseno,PRODUCTODISENO,ProductoDisenoService,TIPOIMAGEN,RW,HEURISTICO_MODULO
POST,/api/producto/{tnProducto}/diseno/render,"App\Modulos\ProductoDiseno\Controllers\ProductoDisenoController",RenderDiseno,PRODUCTODISENO,ProductoDisenoService,PRODUCTO,RW,HEURISTICO_MODULO
POST,/api/producto/{tnProducto}/diseno/render,"App\Modulos\ProductoDiseno\Controllers\ProductoDisenoController",RenderDiseno,PRODUCTODISENO,ProductoDisenoService,PRODUCTODISENO,RW,HEURISTICO_MODULO
POST,/api/producto/{tnProducto}/diseno/render,"App\Modulos\ProductoDiseno\Controllers\ProductoDisenoController",RenderDiseno,PRODUCTODISENO,ProductoDisenoService,PRODUCTODISENOCAPA,RW,HEURISTICO_MODULO
POST,/api/producto/{tnProducto}/diseno/render,"App\Modulos\ProductoDiseno\Controllers\ProductoDisenoController",RenderDiseno,PRODUCTODISENO,ProductoDisenoService,PRODUCTOIMAGEN,RW,HEURISTICO_MODULO
POST,/api/producto/{tnProducto}/diseno/render,"App\Modulos\ProductoDiseno\Controllers\ProductoDisenoController",RenderDiseno,PRODUCTODISENO,ProductoDisenoService,TIPOIMAGEN,RW,HEURISTICO_MODULO
GET,/api/producto/{tnProducto}/galeria,"App\Modulos\ProductoDiseno\Controllers\ProductoDisenoController",Galeria,PRODUCTODISENO,ProductoDisenoService,PRODUCTO,RW,HEURISTICO_MODULO
GET,/api/producto/{tnProducto}/galeria,"App\Modulos\ProductoDiseno\Controllers\ProductoDisenoController",Galeria,PRODUCTODISENO,ProductoDisenoService,PRODUCTODISENO,RW,HEURISTICO_MODULO
GET,/api/producto/{tnProducto}/galeria,"App\Modulos\ProductoDiseno\Controllers\ProductoDisenoController",Galeria,PRODUCTODISENO,ProductoDisenoService,PRODUCTODISENOCAPA,RW,HEURISTICO_MODULO
GET,/api/producto/{tnProducto}/galeria,"App\Modulos\ProductoDiseno\Controllers\ProductoDisenoController",Galeria,PRODUCTODISENO,ProductoDisenoService,PRODUCTOIMAGEN,RW,HEURISTICO_MODULO
GET,/api/producto/{tnProducto}/galeria,"App\Modulos\ProductoDiseno\Controllers\ProductoDisenoController",Galeria,PRODUCTODISENO,ProductoDisenoService,TIPOIMAGEN,RW,HEURISTICO_MODULO
POST,/api/producto/{tnProducto}/galeria/reordenar,"App\Modulos\ProductoDiseno\Controllers\ProductoDisenoController",ReordenarGaleria,PRODUCTODISENO,ProductoDisenoService,PRODUCTO,RW,HEURISTICO_MODULO
POST,/api/producto/{tnProducto}/galeria/reordenar,"App\Modulos\ProductoDiseno\Controllers\ProductoDisenoController",ReordenarGaleria,PRODUCTODISENO,ProductoDisenoService,PRODUCTODISENO,RW,HEURISTICO_MODULO
POST,/api/producto/{tnProducto}/galeria/reordenar,"App\Modulos\ProductoDiseno\Controllers\ProductoDisenoController",ReordenarGaleria,PRODUCTODISENO,ProductoDisenoService,PRODUCTODISENOCAPA,RW,HEURISTICO_MODULO
POST,/api/producto/{tnProducto}/galeria/reordenar,"App\Modulos\ProductoDiseno\Controllers\ProductoDisenoController",ReordenarGaleria,PRODUCTODISENO,ProductoDisenoService,PRODUCTOIMAGEN,RW,HEURISTICO_MODULO
POST,/api/producto/{tnProducto}/galeria/reordenar,"App\Modulos\ProductoDiseno\Controllers\ProductoDisenoController",ReordenarGaleria,PRODUCTODISENO,ProductoDisenoService,TIPOIMAGEN,RW,HEURISTICO_MODULO
POST,/api/producto/{tnProducto}/imagen/lote-subir,"App\Modulos\ProductoDiseno\Controllers\ProductoDisenoController",SubirImagenLote,PRODUCTODISENO,ProductoDisenoService,PRODUCTO,RW,HEURISTICO_MODULO
POST,/api/producto/{tnProducto}/imagen/lote-subir,"App\Modulos\ProductoDiseno\Controllers\ProductoDisenoController",SubirImagenLote,PRODUCTODISENO,ProductoDisenoService,PRODUCTODISENO,RW,HEURISTICO_MODULO
POST,/api/producto/{tnProducto}/imagen/lote-subir,"App\Modulos\ProductoDiseno\Controllers\ProductoDisenoController",SubirImagenLote,PRODUCTODISENO,ProductoDisenoService,PRODUCTODISENOCAPA,RW,HEURISTICO_MODULO
POST,/api/producto/{tnProducto}/imagen/lote-subir,"App\Modulos\ProductoDiseno\Controllers\ProductoDisenoController",SubirImagenLote,PRODUCTODISENO,ProductoDisenoService,PRODUCTOIMAGEN,RW,HEURISTICO_MODULO
POST,/api/producto/{tnProducto}/imagen/lote-subir,"App\Modulos\ProductoDiseno\Controllers\ProductoDisenoController",SubirImagenLote,PRODUCTODISENO,ProductoDisenoService,TIPOIMAGEN,RW,HEURISTICO_MODULO
POST,/api/producto/{tnProducto}/imagen/subir,"App\Modulos\CatalogoAvanzado\Controllers\CatalogoAvanzadoController",SubirImagenProducto,CATALOGOAVANZADO,CatalogoAvanzadoService,PRODUCTO,R,HEURISTICO_MODULO
POST,/api/producto/{tnProducto}/imagen/subir,"App\Modulos\CatalogoAvanzado\Controllers\CatalogoAvanzadoController",SubirImagenProducto,CATALOGOAVANZADO,CatalogoAvanzadoService,PRODUCTOFAMILIA,RW,HEURISTICO_MODULO
POST,/api/producto/{tnProducto}/imagen/subir,"App\Modulos\CatalogoAvanzado\Controllers\CatalogoAvanzadoController",SubirImagenProducto,CATALOGOAVANZADO,CatalogoAvanzadoService,PRODUCTOGRUPO,RW,HEURISTICO_MODULO
POST,/api/producto/{tnProducto}/imagen/subir,"App\Modulos\CatalogoAvanzado\Controllers\CatalogoAvanzadoController",SubirImagenProducto,CATALOGOAVANZADO,CatalogoAvanzadoService,PRODUCTOIMAGEN,RW,HEURISTICO_MODULO
POST,/api/producto/{tnProducto}/imagen/subir,"App\Modulos\CatalogoAvanzado\Controllers\CatalogoAvanzadoController",SubirImagenProducto,CATALOGOAVANZADO,CatalogoAvanzadoService,PRODUCTOSUBGRUPO,RW,HEURISTICO_MODULO
POST,/api/producto/{tnProducto}/imagen/subir,"App\Modulos\CatalogoAvanzado\Controllers\CatalogoAvanzadoController",SubirImagenProducto,CATALOGOAVANZADO,CatalogoAvanzadoService,TIPOIMAGEN,R,HEURISTICO_MODULO
DELETE,/api/producto/{tnProducto}/imagen/{tnProductoImagen},"App\Modulos\CatalogoAvanzado\Controllers\CatalogoAvanzadoController",EliminarImagenProducto,CATALOGOAVANZADO,CatalogoAvanzadoService,PRODUCTO,R,HEURISTICO_MODULO
DELETE,/api/producto/{tnProducto}/imagen/{tnProductoImagen},"App\Modulos\CatalogoAvanzado\Controllers\CatalogoAvanzadoController",EliminarImagenProducto,CATALOGOAVANZADO,CatalogoAvanzadoService,PRODUCTOFAMILIA,RW,HEURISTICO_MODULO
DELETE,/api/producto/{tnProducto}/imagen/{tnProductoImagen},"App\Modulos\CatalogoAvanzado\Controllers\CatalogoAvanzadoController",EliminarImagenProducto,CATALOGOAVANZADO,CatalogoAvanzadoService,PRODUCTOGRUPO,RW,HEURISTICO_MODULO
DELETE,/api/producto/{tnProducto}/imagen/{tnProductoImagen},"App\Modulos\CatalogoAvanzado\Controllers\CatalogoAvanzadoController",EliminarImagenProducto,CATALOGOAVANZADO,CatalogoAvanzadoService,PRODUCTOIMAGEN,RW,HEURISTICO_MODULO
DELETE,/api/producto/{tnProducto}/imagen/{tnProductoImagen},"App\Modulos\CatalogoAvanzado\Controllers\CatalogoAvanzadoController",EliminarImagenProducto,CATALOGOAVANZADO,CatalogoAvanzadoService,PRODUCTOSUBGRUPO,RW,HEURISTICO_MODULO
DELETE,/api/producto/{tnProducto}/imagen/{tnProductoImagen},"App\Modulos\CatalogoAvanzado\Controllers\CatalogoAvanzadoController",EliminarImagenProducto,CATALOGOAVANZADO,CatalogoAvanzadoService,TIPOIMAGEN,R,HEURISTICO_MODULO
GET,/api/productofamilia,"App\Modulos\CatalogoAvanzado\Controllers\CatalogoAvanzadoController",ListarFamilias,CATALOGOAVANZADO,CatalogoAvanzadoService,PRODUCTO,R,HEURISTICO_MODULO
GET,/api/productofamilia,"App\Modulos\CatalogoAvanzado\Controllers\CatalogoAvanzadoController",ListarFamilias,CATALOGOAVANZADO,CatalogoAvanzadoService,PRODUCTOFAMILIA,RW,HEURISTICO_MODULO
GET,/api/productofamilia,"App\Modulos\CatalogoAvanzado\Controllers\CatalogoAvanzadoController",ListarFamilias,CATALOGOAVANZADO,CatalogoAvanzadoService,PRODUCTOGRUPO,RW,HEURISTICO_MODULO
GET,/api/productofamilia,"App\Modulos\CatalogoAvanzado\Controllers\CatalogoAvanzadoController",ListarFamilias,CATALOGOAVANZADO,CatalogoAvanzadoService,PRODUCTOIMAGEN,RW,HEURISTICO_MODULO
GET,/api/productofamilia,"App\Modulos\CatalogoAvanzado\Controllers\CatalogoAvanzadoController",ListarFamilias,CATALOGOAVANZADO,CatalogoAvanzadoService,PRODUCTOSUBGRUPO,RW,HEURISTICO_MODULO
GET,/api/productofamilia,"App\Modulos\CatalogoAvanzado\Controllers\CatalogoAvanzadoController",ListarFamilias,CATALOGOAVANZADO,CatalogoAvanzadoService,TIPOIMAGEN,R,HEURISTICO_MODULO
POST,/api/productofamilia,"App\Modulos\CatalogoAvanzado\Controllers\CatalogoAvanzadoController",CrearFamilia,CATALOGOAVANZADO,CatalogoAvanzadoService,PRODUCTO,R,HEURISTICO_MODULO
POST,/api/productofamilia,"App\Modulos\CatalogoAvanzado\Controllers\CatalogoAvanzadoController",CrearFamilia,CATALOGOAVANZADO,CatalogoAvanzadoService,PRODUCTOFAMILIA,RW,HEURISTICO_MODULO
POST,/api/productofamilia,"App\Modulos\CatalogoAvanzado\Controllers\CatalogoAvanzadoController",CrearFamilia,CATALOGOAVANZADO,CatalogoAvanzadoService,PRODUCTOGRUPO,RW,HEURISTICO_MODULO
POST,/api/productofamilia,"App\Modulos\CatalogoAvanzado\Controllers\CatalogoAvanzadoController",CrearFamilia,CATALOGOAVANZADO,CatalogoAvanzadoService,PRODUCTOIMAGEN,RW,HEURISTICO_MODULO
POST,/api/productofamilia,"App\Modulos\CatalogoAvanzado\Controllers\CatalogoAvanzadoController",CrearFamilia,CATALOGOAVANZADO,CatalogoAvanzadoService,PRODUCTOSUBGRUPO,RW,HEURISTICO_MODULO
POST,/api/productofamilia,"App\Modulos\CatalogoAvanzado\Controllers\CatalogoAvanzadoController",CrearFamilia,CATALOGOAVANZADO,CatalogoAvanzadoService,TIPOIMAGEN,R,HEURISTICO_MODULO
DELETE,/api/productofamilia/{tnId},"App\Modulos\CatalogoAvanzado\Controllers\CatalogoAvanzadoController",EliminarFamilia,CATALOGOAVANZADO,CatalogoAvanzadoService,PRODUCTO,R,HEURISTICO_MODULO
DELETE,/api/productofamilia/{tnId},"App\Modulos\CatalogoAvanzado\Controllers\CatalogoAvanzadoController",EliminarFamilia,CATALOGOAVANZADO,CatalogoAvanzadoService,PRODUCTOFAMILIA,RW,HEURISTICO_MODULO
DELETE,/api/productofamilia/{tnId},"App\Modulos\CatalogoAvanzado\Controllers\CatalogoAvanzadoController",EliminarFamilia,CATALOGOAVANZADO,CatalogoAvanzadoService,PRODUCTOGRUPO,RW,HEURISTICO_MODULO
DELETE,/api/productofamilia/{tnId},"App\Modulos\CatalogoAvanzado\Controllers\CatalogoAvanzadoController",EliminarFamilia,CATALOGOAVANZADO,CatalogoAvanzadoService,PRODUCTOIMAGEN,RW,HEURISTICO_MODULO
DELETE,/api/productofamilia/{tnId},"App\Modulos\CatalogoAvanzado\Controllers\CatalogoAvanzadoController",EliminarFamilia,CATALOGOAVANZADO,CatalogoAvanzadoService,PRODUCTOSUBGRUPO,RW,HEURISTICO_MODULO
DELETE,/api/productofamilia/{tnId},"App\Modulos\CatalogoAvanzado\Controllers\CatalogoAvanzadoController",EliminarFamilia,CATALOGOAVANZADO,CatalogoAvanzadoService,TIPOIMAGEN,R,HEURISTICO_MODULO
GET,/api/productofamilia/{tnId},"App\Modulos\CatalogoAvanzado\Controllers\CatalogoAvanzadoController",ObtenerFamilia,CATALOGOAVANZADO,CatalogoAvanzadoService,PRODUCTO,R,HEURISTICO_MODULO
GET,/api/productofamilia/{tnId},"App\Modulos\CatalogoAvanzado\Controllers\CatalogoAvanzadoController",ObtenerFamilia,CATALOGOAVANZADO,CatalogoAvanzadoService,PRODUCTOFAMILIA,RW,HEURISTICO_MODULO
GET,/api/productofamilia/{tnId},"App\Modulos\CatalogoAvanzado\Controllers\CatalogoAvanzadoController",ObtenerFamilia,CATALOGOAVANZADO,CatalogoAvanzadoService,PRODUCTOGRUPO,RW,HEURISTICO_MODULO
GET,/api/productofamilia/{tnId},"App\Modulos\CatalogoAvanzado\Controllers\CatalogoAvanzadoController",ObtenerFamilia,CATALOGOAVANZADO,CatalogoAvanzadoService,PRODUCTOIMAGEN,RW,HEURISTICO_MODULO
GET,/api/productofamilia/{tnId},"App\Modulos\CatalogoAvanzado\Controllers\CatalogoAvanzadoController",ObtenerFamilia,CATALOGOAVANZADO,CatalogoAvanzadoService,PRODUCTOSUBGRUPO,RW,HEURISTICO_MODULO
GET,/api/productofamilia/{tnId},"App\Modulos\CatalogoAvanzado\Controllers\CatalogoAvanzadoController",ObtenerFamilia,CATALOGOAVANZADO,CatalogoAvanzadoService,TIPOIMAGEN,R,HEURISTICO_MODULO
PATCH,/api/productofamilia/{tnId},"App\Modulos\CatalogoAvanzado\Controllers\CatalogoAvanzadoController",ActualizarFamiliaParcial,CATALOGOAVANZADO,CatalogoAvanzadoService,PRODUCTO,R,HEURISTICO_MODULO
PATCH,/api/productofamilia/{tnId},"App\Modulos\CatalogoAvanzado\Controllers\CatalogoAvanzadoController",ActualizarFamiliaParcial,CATALOGOAVANZADO,CatalogoAvanzadoService,PRODUCTOFAMILIA,RW,HEURISTICO_MODULO
PATCH,/api/productofamilia/{tnId},"App\Modulos\CatalogoAvanzado\Controllers\CatalogoAvanzadoController",ActualizarFamiliaParcial,CATALOGOAVANZADO,CatalogoAvanzadoService,PRODUCTOGRUPO,RW,HEURISTICO_MODULO
PATCH,/api/productofamilia/{tnId},"App\Modulos\CatalogoAvanzado\Controllers\CatalogoAvanzadoController",ActualizarFamiliaParcial,CATALOGOAVANZADO,CatalogoAvanzadoService,PRODUCTOIMAGEN,RW,HEURISTICO_MODULO
PATCH,/api/productofamilia/{tnId},"App\Modulos\CatalogoAvanzado\Controllers\CatalogoAvanzadoController",ActualizarFamiliaParcial,CATALOGOAVANZADO,CatalogoAvanzadoService,PRODUCTOSUBGRUPO,RW,HEURISTICO_MODULO
PATCH,/api/productofamilia/{tnId},"App\Modulos\CatalogoAvanzado\Controllers\CatalogoAvanzadoController",ActualizarFamiliaParcial,CATALOGOAVANZADO,CatalogoAvanzadoService,TIPOIMAGEN,R,HEURISTICO_MODULO
PUT,/api/productofamilia/{tnId},"App\Modulos\CatalogoAvanzado\Controllers\CatalogoAvanzadoController",ActualizarFamilia,CATALOGOAVANZADO,CatalogoAvanzadoService,PRODUCTO,R,HEURISTICO_MODULO
PUT,/api/productofamilia/{tnId},"App\Modulos\CatalogoAvanzado\Controllers\CatalogoAvanzadoController",ActualizarFamilia,CATALOGOAVANZADO,CatalogoAvanzadoService,PRODUCTOFAMILIA,RW,HEURISTICO_MODULO
PUT,/api/productofamilia/{tnId},"App\Modulos\CatalogoAvanzado\Controllers\CatalogoAvanzadoController",ActualizarFamilia,CATALOGOAVANZADO,CatalogoAvanzadoService,PRODUCTOGRUPO,RW,HEURISTICO_MODULO
PUT,/api/productofamilia/{tnId},"App\Modulos\CatalogoAvanzado\Controllers\CatalogoAvanzadoController",ActualizarFamilia,CATALOGOAVANZADO,CatalogoAvanzadoService,PRODUCTOIMAGEN,RW,HEURISTICO_MODULO
PUT,/api/productofamilia/{tnId},"App\Modulos\CatalogoAvanzado\Controllers\CatalogoAvanzadoController",ActualizarFamilia,CATALOGOAVANZADO,CatalogoAvanzadoService,PRODUCTOSUBGRUPO,RW,HEURISTICO_MODULO
PUT,/api/productofamilia/{tnId},"App\Modulos\CatalogoAvanzado\Controllers\CatalogoAvanzadoController",ActualizarFamilia,CATALOGOAVANZADO,CatalogoAvanzadoService,TIPOIMAGEN,R,HEURISTICO_MODULO
GET,/api/productogrupo,"App\Modulos\CatalogoAvanzado\Controllers\CatalogoAvanzadoController",ListarGrupos,CATALOGOAVANZADO,CatalogoAvanzadoService,PRODUCTO,R,HEURISTICO_MODULO
GET,/api/productogrupo,"App\Modulos\CatalogoAvanzado\Controllers\CatalogoAvanzadoController",ListarGrupos,CATALOGOAVANZADO,CatalogoAvanzadoService,PRODUCTOFAMILIA,RW,HEURISTICO_MODULO
GET,/api/productogrupo,"App\Modulos\CatalogoAvanzado\Controllers\CatalogoAvanzadoController",ListarGrupos,CATALOGOAVANZADO,CatalogoAvanzadoService,PRODUCTOGRUPO,RW,HEURISTICO_MODULO
GET,/api/productogrupo,"App\Modulos\CatalogoAvanzado\Controllers\CatalogoAvanzadoController",ListarGrupos,CATALOGOAVANZADO,CatalogoAvanzadoService,PRODUCTOIMAGEN,RW,HEURISTICO_MODULO
GET,/api/productogrupo,"App\Modulos\CatalogoAvanzado\Controllers\CatalogoAvanzadoController",ListarGrupos,CATALOGOAVANZADO,CatalogoAvanzadoService,PRODUCTOSUBGRUPO,RW,HEURISTICO_MODULO
GET,/api/productogrupo,"App\Modulos\CatalogoAvanzado\Controllers\CatalogoAvanzadoController",ListarGrupos,CATALOGOAVANZADO,CatalogoAvanzadoService,TIPOIMAGEN,R,HEURISTICO_MODULO
POST,/api/productogrupo,"App\Modulos\CatalogoAvanzado\Controllers\CatalogoAvanzadoController",CrearGrupo,CATALOGOAVANZADO,CatalogoAvanzadoService,PRODUCTO,R,HEURISTICO_MODULO
POST,/api/productogrupo,"App\Modulos\CatalogoAvanzado\Controllers\CatalogoAvanzadoController",CrearGrupo,CATALOGOAVANZADO,CatalogoAvanzadoService,PRODUCTOFAMILIA,RW,HEURISTICO_MODULO
POST,/api/productogrupo,"App\Modulos\CatalogoAvanzado\Controllers\CatalogoAvanzadoController",CrearGrupo,CATALOGOAVANZADO,CatalogoAvanzadoService,PRODUCTOGRUPO,RW,HEURISTICO_MODULO
POST,/api/productogrupo,"App\Modulos\CatalogoAvanzado\Controllers\CatalogoAvanzadoController",CrearGrupo,CATALOGOAVANZADO,CatalogoAvanzadoService,PRODUCTOIMAGEN,RW,HEURISTICO_MODULO
POST,/api/productogrupo,"App\Modulos\CatalogoAvanzado\Controllers\CatalogoAvanzadoController",CrearGrupo,CATALOGOAVANZADO,CatalogoAvanzadoService,PRODUCTOSUBGRUPO,RW,HEURISTICO_MODULO
POST,/api/productogrupo,"App\Modulos\CatalogoAvanzado\Controllers\CatalogoAvanzadoController",CrearGrupo,CATALOGOAVANZADO,CatalogoAvanzadoService,TIPOIMAGEN,R,HEURISTICO_MODULO
DELETE,/api/productogrupo/{tnId},"App\Modulos\CatalogoAvanzado\Controllers\CatalogoAvanzadoController",EliminarGrupo,CATALOGOAVANZADO,CatalogoAvanzadoService,PRODUCTO,R,HEURISTICO_MODULO
DELETE,/api/productogrupo/{tnId},"App\Modulos\CatalogoAvanzado\Controllers\CatalogoAvanzadoController",EliminarGrupo,CATALOGOAVANZADO,CatalogoAvanzadoService,PRODUCTOFAMILIA,RW,HEURISTICO_MODULO
DELETE,/api/productogrupo/{tnId},"App\Modulos\CatalogoAvanzado\Controllers\CatalogoAvanzadoController",EliminarGrupo,CATALOGOAVANZADO,CatalogoAvanzadoService,PRODUCTOGRUPO,RW,HEURISTICO_MODULO
DELETE,/api/productogrupo/{tnId},"App\Modulos\CatalogoAvanzado\Controllers\CatalogoAvanzadoController",EliminarGrupo,CATALOGOAVANZADO,CatalogoAvanzadoService,PRODUCTOIMAGEN,RW,HEURISTICO_MODULO
DELETE,/api/productogrupo/{tnId},"App\Modulos\CatalogoAvanzado\Controllers\CatalogoAvanzadoController",EliminarGrupo,CATALOGOAVANZADO,CatalogoAvanzadoService,PRODUCTOSUBGRUPO,RW,HEURISTICO_MODULO
DELETE,/api/productogrupo/{tnId},"App\Modulos\CatalogoAvanzado\Controllers\CatalogoAvanzadoController",EliminarGrupo,CATALOGOAVANZADO,CatalogoAvanzadoService,TIPOIMAGEN,R,HEURISTICO_MODULO
GET,/api/productogrupo/{tnId},"App\Modulos\CatalogoAvanzado\Controllers\CatalogoAvanzadoController",ObtenerGrupo,CATALOGOAVANZADO,CatalogoAvanzadoService,PRODUCTO,R,HEURISTICO_MODULO
GET,/api/productogrupo/{tnId},"App\Modulos\CatalogoAvanzado\Controllers\CatalogoAvanzadoController",ObtenerGrupo,CATALOGOAVANZADO,CatalogoAvanzadoService,PRODUCTOFAMILIA,RW,HEURISTICO_MODULO
GET,/api/productogrupo/{tnId},"App\Modulos\CatalogoAvanzado\Controllers\CatalogoAvanzadoController",ObtenerGrupo,CATALOGOAVANZADO,CatalogoAvanzadoService,PRODUCTOGRUPO,RW,HEURISTICO_MODULO
GET,/api/productogrupo/{tnId},"App\Modulos\CatalogoAvanzado\Controllers\CatalogoAvanzadoController",ObtenerGrupo,CATALOGOAVANZADO,CatalogoAvanzadoService,PRODUCTOIMAGEN,RW,HEURISTICO_MODULO
GET,/api/productogrupo/{tnId},"App\Modulos\CatalogoAvanzado\Controllers\CatalogoAvanzadoController",ObtenerGrupo,CATALOGOAVANZADO,CatalogoAvanzadoService,PRODUCTOSUBGRUPO,RW,HEURISTICO_MODULO
GET,/api/productogrupo/{tnId},"App\Modulos\CatalogoAvanzado\Controllers\CatalogoAvanzadoController",ObtenerGrupo,CATALOGOAVANZADO,CatalogoAvanzadoService,TIPOIMAGEN,R,HEURISTICO_MODULO
PATCH,/api/productogrupo/{tnId},"App\Modulos\CatalogoAvanzado\Controllers\CatalogoAvanzadoController",ActualizarGrupoParcial,CATALOGOAVANZADO,CatalogoAvanzadoService,PRODUCTO,R,HEURISTICO_MODULO
PATCH,/api/productogrupo/{tnId},"App\Modulos\CatalogoAvanzado\Controllers\CatalogoAvanzadoController",ActualizarGrupoParcial,CATALOGOAVANZADO,CatalogoAvanzadoService,PRODUCTOFAMILIA,RW,HEURISTICO_MODULO
PATCH,/api/productogrupo/{tnId},"App\Modulos\CatalogoAvanzado\Controllers\CatalogoAvanzadoController",ActualizarGrupoParcial,CATALOGOAVANZADO,CatalogoAvanzadoService,PRODUCTOGRUPO,RW,HEURISTICO_MODULO
PATCH,/api/productogrupo/{tnId},"App\Modulos\CatalogoAvanzado\Controllers\CatalogoAvanzadoController",ActualizarGrupoParcial,CATALOGOAVANZADO,CatalogoAvanzadoService,PRODUCTOIMAGEN,RW,HEURISTICO_MODULO
PATCH,/api/productogrupo/{tnId},"App\Modulos\CatalogoAvanzado\Controllers\CatalogoAvanzadoController",ActualizarGrupoParcial,CATALOGOAVANZADO,CatalogoAvanzadoService,PRODUCTOSUBGRUPO,RW,HEURISTICO_MODULO
PATCH,/api/productogrupo/{tnId},"App\Modulos\CatalogoAvanzado\Controllers\CatalogoAvanzadoController",ActualizarGrupoParcial,CATALOGOAVANZADO,CatalogoAvanzadoService,TIPOIMAGEN,R,HEURISTICO_MODULO
PUT,/api/productogrupo/{tnId},"App\Modulos\CatalogoAvanzado\Controllers\CatalogoAvanzadoController",ActualizarGrupo,CATALOGOAVANZADO,CatalogoAvanzadoService,PRODUCTO,R,HEURISTICO_MODULO
PUT,/api/productogrupo/{tnId},"App\Modulos\CatalogoAvanzado\Controllers\CatalogoAvanzadoController",ActualizarGrupo,CATALOGOAVANZADO,CatalogoAvanzadoService,PRODUCTOFAMILIA,RW,HEURISTICO_MODULO
PUT,/api/productogrupo/{tnId},"App\Modulos\CatalogoAvanzado\Controllers\CatalogoAvanzadoController",ActualizarGrupo,CATALOGOAVANZADO,CatalogoAvanzadoService,PRODUCTOGRUPO,RW,HEURISTICO_MODULO
PUT,/api/productogrupo/{tnId},"App\Modulos\CatalogoAvanzado\Controllers\CatalogoAvanzadoController",ActualizarGrupo,CATALOGOAVANZADO,CatalogoAvanzadoService,PRODUCTOIMAGEN,RW,HEURISTICO_MODULO
PUT,/api/productogrupo/{tnId},"App\Modulos\CatalogoAvanzado\Controllers\CatalogoAvanzadoController",ActualizarGrupo,CATALOGOAVANZADO,CatalogoAvanzadoService,PRODUCTOSUBGRUPO,RW,HEURISTICO_MODULO
PUT,/api/productogrupo/{tnId},"App\Modulos\CatalogoAvanzado\Controllers\CatalogoAvanzadoController",ActualizarGrupo,CATALOGOAVANZADO,CatalogoAvanzadoService,TIPOIMAGEN,R,HEURISTICO_MODULO
GET,/api/productoimagen,"App\Modulos\CatalogoAvanzado\Controllers\CatalogoAvanzadoController",ListarImagenes,CATALOGOAVANZADO,CatalogoAvanzadoService,PRODUCTO,R,HEURISTICO_MODULO
GET,/api/productoimagen,"App\Modulos\CatalogoAvanzado\Controllers\CatalogoAvanzadoController",ListarImagenes,CATALOGOAVANZADO,CatalogoAvanzadoService,PRODUCTOFAMILIA,RW,HEURISTICO_MODULO
GET,/api/productoimagen,"App\Modulos\CatalogoAvanzado\Controllers\CatalogoAvanzadoController",ListarImagenes,CATALOGOAVANZADO,CatalogoAvanzadoService,PRODUCTOGRUPO,RW,HEURISTICO_MODULO
GET,/api/productoimagen,"App\Modulos\CatalogoAvanzado\Controllers\CatalogoAvanzadoController",ListarImagenes,CATALOGOAVANZADO,CatalogoAvanzadoService,PRODUCTOIMAGEN,RW,HEURISTICO_MODULO
GET,/api/productoimagen,"App\Modulos\CatalogoAvanzado\Controllers\CatalogoAvanzadoController",ListarImagenes,CATALOGOAVANZADO,CatalogoAvanzadoService,PRODUCTOSUBGRUPO,RW,HEURISTICO_MODULO
GET,/api/productoimagen,"App\Modulos\CatalogoAvanzado\Controllers\CatalogoAvanzadoController",ListarImagenes,CATALOGOAVANZADO,CatalogoAvanzadoService,TIPOIMAGEN,R,HEURISTICO_MODULO
POST,/api/productoimagen,"App\Modulos\CatalogoAvanzado\Controllers\CatalogoAvanzadoController",CrearImagen,CATALOGOAVANZADO,CatalogoAvanzadoService,PRODUCTO,R,HEURISTICO_MODULO
POST,/api/productoimagen,"App\Modulos\CatalogoAvanzado\Controllers\CatalogoAvanzadoController",CrearImagen,CATALOGOAVANZADO,CatalogoAvanzadoService,PRODUCTOFAMILIA,RW,HEURISTICO_MODULO
POST,/api/productoimagen,"App\Modulos\CatalogoAvanzado\Controllers\CatalogoAvanzadoController",CrearImagen,CATALOGOAVANZADO,CatalogoAvanzadoService,PRODUCTOGRUPO,RW,HEURISTICO_MODULO
POST,/api/productoimagen,"App\Modulos\CatalogoAvanzado\Controllers\CatalogoAvanzadoController",CrearImagen,CATALOGOAVANZADO,CatalogoAvanzadoService,PRODUCTOIMAGEN,RW,HEURISTICO_MODULO
POST,/api/productoimagen,"App\Modulos\CatalogoAvanzado\Controllers\CatalogoAvanzadoController",CrearImagen,CATALOGOAVANZADO,CatalogoAvanzadoService,PRODUCTOSUBGRUPO,RW,HEURISTICO_MODULO
POST,/api/productoimagen,"App\Modulos\CatalogoAvanzado\Controllers\CatalogoAvanzadoController",CrearImagen,CATALOGOAVANZADO,CatalogoAvanzadoService,TIPOIMAGEN,R,HEURISTICO_MODULO
DELETE,/api/productoimagen/{tnId},"App\Modulos\CatalogoAvanzado\Controllers\CatalogoAvanzadoController",EliminarImagen,CATALOGOAVANZADO,CatalogoAvanzadoService,PRODUCTO,R,HEURISTICO_MODULO
DELETE,/api/productoimagen/{tnId},"App\Modulos\CatalogoAvanzado\Controllers\CatalogoAvanzadoController",EliminarImagen,CATALOGOAVANZADO,CatalogoAvanzadoService,PRODUCTOFAMILIA,RW,HEURISTICO_MODULO
DELETE,/api/productoimagen/{tnId},"App\Modulos\CatalogoAvanzado\Controllers\CatalogoAvanzadoController",EliminarImagen,CATALOGOAVANZADO,CatalogoAvanzadoService,PRODUCTOGRUPO,RW,HEURISTICO_MODULO
DELETE,/api/productoimagen/{tnId},"App\Modulos\CatalogoAvanzado\Controllers\CatalogoAvanzadoController",EliminarImagen,CATALOGOAVANZADO,CatalogoAvanzadoService,PRODUCTOIMAGEN,RW,HEURISTICO_MODULO
DELETE,/api/productoimagen/{tnId},"App\Modulos\CatalogoAvanzado\Controllers\CatalogoAvanzadoController",EliminarImagen,CATALOGOAVANZADO,CatalogoAvanzadoService,PRODUCTOSUBGRUPO,RW,HEURISTICO_MODULO
DELETE,/api/productoimagen/{tnId},"App\Modulos\CatalogoAvanzado\Controllers\CatalogoAvanzadoController",EliminarImagen,CATALOGOAVANZADO,CatalogoAvanzadoService,TIPOIMAGEN,R,HEURISTICO_MODULO
GET,/api/productoimagen/{tnId},"App\Modulos\CatalogoAvanzado\Controllers\CatalogoAvanzadoController",ObtenerImagen,CATALOGOAVANZADO,CatalogoAvanzadoService,PRODUCTO,R,HEURISTICO_MODULO
GET,/api/productoimagen/{tnId},"App\Modulos\CatalogoAvanzado\Controllers\CatalogoAvanzadoController",ObtenerImagen,CATALOGOAVANZADO,CatalogoAvanzadoService,PRODUCTOFAMILIA,RW,HEURISTICO_MODULO
GET,/api/productoimagen/{tnId},"App\Modulos\CatalogoAvanzado\Controllers\CatalogoAvanzadoController",ObtenerImagen,CATALOGOAVANZADO,CatalogoAvanzadoService,PRODUCTOGRUPO,RW,HEURISTICO_MODULO
GET,/api/productoimagen/{tnId},"App\Modulos\CatalogoAvanzado\Controllers\CatalogoAvanzadoController",ObtenerImagen,CATALOGOAVANZADO,CatalogoAvanzadoService,PRODUCTOIMAGEN,RW,HEURISTICO_MODULO
GET,/api/productoimagen/{tnId},"App\Modulos\CatalogoAvanzado\Controllers\CatalogoAvanzadoController",ObtenerImagen,CATALOGOAVANZADO,CatalogoAvanzadoService,PRODUCTOSUBGRUPO,RW,HEURISTICO_MODULO
GET,/api/productoimagen/{tnId},"App\Modulos\CatalogoAvanzado\Controllers\CatalogoAvanzadoController",ObtenerImagen,CATALOGOAVANZADO,CatalogoAvanzadoService,TIPOIMAGEN,R,HEURISTICO_MODULO
PATCH,/api/productoimagen/{tnId},"App\Modulos\CatalogoAvanzado\Controllers\CatalogoAvanzadoController",ActualizarImagenParcial,CATALOGOAVANZADO,CatalogoAvanzadoService,PRODUCTO,R,HEURISTICO_MODULO
PATCH,/api/productoimagen/{tnId},"App\Modulos\CatalogoAvanzado\Controllers\CatalogoAvanzadoController",ActualizarImagenParcial,CATALOGOAVANZADO,CatalogoAvanzadoService,PRODUCTOFAMILIA,RW,HEURISTICO_MODULO
PATCH,/api/productoimagen/{tnId},"App\Modulos\CatalogoAvanzado\Controllers\CatalogoAvanzadoController",ActualizarImagenParcial,CATALOGOAVANZADO,CatalogoAvanzadoService,PRODUCTOGRUPO,RW,HEURISTICO_MODULO
PATCH,/api/productoimagen/{tnId},"App\Modulos\CatalogoAvanzado\Controllers\CatalogoAvanzadoController",ActualizarImagenParcial,CATALOGOAVANZADO,CatalogoAvanzadoService,PRODUCTOIMAGEN,RW,HEURISTICO_MODULO
PATCH,/api/productoimagen/{tnId},"App\Modulos\CatalogoAvanzado\Controllers\CatalogoAvanzadoController",ActualizarImagenParcial,CATALOGOAVANZADO,CatalogoAvanzadoService,PRODUCTOSUBGRUPO,RW,HEURISTICO_MODULO
PATCH,/api/productoimagen/{tnId},"App\Modulos\CatalogoAvanzado\Controllers\CatalogoAvanzadoController",ActualizarImagenParcial,CATALOGOAVANZADO,CatalogoAvanzadoService,TIPOIMAGEN,R,HEURISTICO_MODULO
PUT,/api/productoimagen/{tnId},"App\Modulos\CatalogoAvanzado\Controllers\CatalogoAvanzadoController",ActualizarImagen,CATALOGOAVANZADO,CatalogoAvanzadoService,PRODUCTO,R,HEURISTICO_MODULO
PUT,/api/productoimagen/{tnId},"App\Modulos\CatalogoAvanzado\Controllers\CatalogoAvanzadoController",ActualizarImagen,CATALOGOAVANZADO,CatalogoAvanzadoService,PRODUCTOFAMILIA,RW,HEURISTICO_MODULO
PUT,/api/productoimagen/{tnId},"App\Modulos\CatalogoAvanzado\Controllers\CatalogoAvanzadoController",ActualizarImagen,CATALOGOAVANZADO,CatalogoAvanzadoService,PRODUCTOGRUPO,RW,HEURISTICO_MODULO
PUT,/api/productoimagen/{tnId},"App\Modulos\CatalogoAvanzado\Controllers\CatalogoAvanzadoController",ActualizarImagen,CATALOGOAVANZADO,CatalogoAvanzadoService,PRODUCTOIMAGEN,RW,HEURISTICO_MODULO
PUT,/api/productoimagen/{tnId},"App\Modulos\CatalogoAvanzado\Controllers\CatalogoAvanzadoController",ActualizarImagen,CATALOGOAVANZADO,CatalogoAvanzadoService,PRODUCTOSUBGRUPO,RW,HEURISTICO_MODULO
PUT,/api/productoimagen/{tnId},"App\Modulos\CatalogoAvanzado\Controllers\CatalogoAvanzadoController",ActualizarImagen,CATALOGOAVANZADO,CatalogoAvanzadoService,TIPOIMAGEN,R,HEURISTICO_MODULO
GET,/api/productosubgrupo,"App\Modulos\CatalogoAvanzado\Controllers\CatalogoAvanzadoController",ListarSubgrupos,CATALOGOAVANZADO,CatalogoAvanzadoService,PRODUCTO,R,HEURISTICO_MODULO
GET,/api/productosubgrupo,"App\Modulos\CatalogoAvanzado\Controllers\CatalogoAvanzadoController",ListarSubgrupos,CATALOGOAVANZADO,CatalogoAvanzadoService,PRODUCTOFAMILIA,RW,HEURISTICO_MODULO
GET,/api/productosubgrupo,"App\Modulos\CatalogoAvanzado\Controllers\CatalogoAvanzadoController",ListarSubgrupos,CATALOGOAVANZADO,CatalogoAvanzadoService,PRODUCTOGRUPO,RW,HEURISTICO_MODULO
GET,/api/productosubgrupo,"App\Modulos\CatalogoAvanzado\Controllers\CatalogoAvanzadoController",ListarSubgrupos,CATALOGOAVANZADO,CatalogoAvanzadoService,PRODUCTOIMAGEN,RW,HEURISTICO_MODULO
GET,/api/productosubgrupo,"App\Modulos\CatalogoAvanzado\Controllers\CatalogoAvanzadoController",ListarSubgrupos,CATALOGOAVANZADO,CatalogoAvanzadoService,PRODUCTOSUBGRUPO,RW,HEURISTICO_MODULO
GET,/api/productosubgrupo,"App\Modulos\CatalogoAvanzado\Controllers\CatalogoAvanzadoController",ListarSubgrupos,CATALOGOAVANZADO,CatalogoAvanzadoService,TIPOIMAGEN,R,HEURISTICO_MODULO
POST,/api/productosubgrupo,"App\Modulos\CatalogoAvanzado\Controllers\CatalogoAvanzadoController",CrearSubgrupo,CATALOGOAVANZADO,CatalogoAvanzadoService,PRODUCTO,R,HEURISTICO_MODULO
POST,/api/productosubgrupo,"App\Modulos\CatalogoAvanzado\Controllers\CatalogoAvanzadoController",CrearSubgrupo,CATALOGOAVANZADO,CatalogoAvanzadoService,PRODUCTOFAMILIA,RW,HEURISTICO_MODULO
POST,/api/productosubgrupo,"App\Modulos\CatalogoAvanzado\Controllers\CatalogoAvanzadoController",CrearSubgrupo,CATALOGOAVANZADO,CatalogoAvanzadoService,PRODUCTOGRUPO,RW,HEURISTICO_MODULO
POST,/api/productosubgrupo,"App\Modulos\CatalogoAvanzado\Controllers\CatalogoAvanzadoController",CrearSubgrupo,CATALOGOAVANZADO,CatalogoAvanzadoService,PRODUCTOIMAGEN,RW,HEURISTICO_MODULO
POST,/api/productosubgrupo,"App\Modulos\CatalogoAvanzado\Controllers\CatalogoAvanzadoController",CrearSubgrupo,CATALOGOAVANZADO,CatalogoAvanzadoService,PRODUCTOSUBGRUPO,RW,HEURISTICO_MODULO
POST,/api/productosubgrupo,"App\Modulos\CatalogoAvanzado\Controllers\CatalogoAvanzadoController",CrearSubgrupo,CATALOGOAVANZADO,CatalogoAvanzadoService,TIPOIMAGEN,R,HEURISTICO_MODULO
DELETE,/api/productosubgrupo/{tnId},"App\Modulos\CatalogoAvanzado\Controllers\CatalogoAvanzadoController",EliminarSubgrupo,CATALOGOAVANZADO,CatalogoAvanzadoService,PRODUCTO,R,HEURISTICO_MODULO
DELETE,/api/productosubgrupo/{tnId},"App\Modulos\CatalogoAvanzado\Controllers\CatalogoAvanzadoController",EliminarSubgrupo,CATALOGOAVANZADO,CatalogoAvanzadoService,PRODUCTOFAMILIA,RW,HEURISTICO_MODULO
DELETE,/api/productosubgrupo/{tnId},"App\Modulos\CatalogoAvanzado\Controllers\CatalogoAvanzadoController",EliminarSubgrupo,CATALOGOAVANZADO,CatalogoAvanzadoService,PRODUCTOGRUPO,RW,HEURISTICO_MODULO
DELETE,/api/productosubgrupo/{tnId},"App\Modulos\CatalogoAvanzado\Controllers\CatalogoAvanzadoController",EliminarSubgrupo,CATALOGOAVANZADO,CatalogoAvanzadoService,PRODUCTOIMAGEN,RW,HEURISTICO_MODULO
DELETE,/api/productosubgrupo/{tnId},"App\Modulos\CatalogoAvanzado\Controllers\CatalogoAvanzadoController",EliminarSubgrupo,CATALOGOAVANZADO,CatalogoAvanzadoService,PRODUCTOSUBGRUPO,RW,HEURISTICO_MODULO
DELETE,/api/productosubgrupo/{tnId},"App\Modulos\CatalogoAvanzado\Controllers\CatalogoAvanzadoController",EliminarSubgrupo,CATALOGOAVANZADO,CatalogoAvanzadoService,TIPOIMAGEN,R,HEURISTICO_MODULO
GET,/api/productosubgrupo/{tnId},"App\Modulos\CatalogoAvanzado\Controllers\CatalogoAvanzadoController",ObtenerSubgrupo,CATALOGOAVANZADO,CatalogoAvanzadoService,PRODUCTO,R,HEURISTICO_MODULO
GET,/api/productosubgrupo/{tnId},"App\Modulos\CatalogoAvanzado\Controllers\CatalogoAvanzadoController",ObtenerSubgrupo,CATALOGOAVANZADO,CatalogoAvanzadoService,PRODUCTOFAMILIA,RW,HEURISTICO_MODULO
GET,/api/productosubgrupo/{tnId},"App\Modulos\CatalogoAvanzado\Controllers\CatalogoAvanzadoController",ObtenerSubgrupo,CATALOGOAVANZADO,CatalogoAvanzadoService,PRODUCTOGRUPO,RW,HEURISTICO_MODULO
GET,/api/productosubgrupo/{tnId},"App\Modulos\CatalogoAvanzado\Controllers\CatalogoAvanzadoController",ObtenerSubgrupo,CATALOGOAVANZADO,CatalogoAvanzadoService,PRODUCTOIMAGEN,RW,HEURISTICO_MODULO
GET,/api/productosubgrupo/{tnId},"App\Modulos\CatalogoAvanzado\Controllers\CatalogoAvanzadoController",ObtenerSubgrupo,CATALOGOAVANZADO,CatalogoAvanzadoService,PRODUCTOSUBGRUPO,RW,HEURISTICO_MODULO
GET,/api/productosubgrupo/{tnId},"App\Modulos\CatalogoAvanzado\Controllers\CatalogoAvanzadoController",ObtenerSubgrupo,CATALOGOAVANZADO,CatalogoAvanzadoService,TIPOIMAGEN,R,HEURISTICO_MODULO
PATCH,/api/productosubgrupo/{tnId},"App\Modulos\CatalogoAvanzado\Controllers\CatalogoAvanzadoController",ActualizarSubgrupoParcial,CATALOGOAVANZADO,CatalogoAvanzadoService,PRODUCTO,R,HEURISTICO_MODULO
PATCH,/api/productosubgrupo/{tnId},"App\Modulos\CatalogoAvanzado\Controllers\CatalogoAvanzadoController",ActualizarSubgrupoParcial,CATALOGOAVANZADO,CatalogoAvanzadoService,PRODUCTOFAMILIA,RW,HEURISTICO_MODULO
PATCH,/api/productosubgrupo/{tnId},"App\Modulos\CatalogoAvanzado\Controllers\CatalogoAvanzadoController",ActualizarSubgrupoParcial,CATALOGOAVANZADO,CatalogoAvanzadoService,PRODUCTOGRUPO,RW,HEURISTICO_MODULO
PATCH,/api/productosubgrupo/{tnId},"App\Modulos\CatalogoAvanzado\Controllers\CatalogoAvanzadoController",ActualizarSubgrupoParcial,CATALOGOAVANZADO,CatalogoAvanzadoService,PRODUCTOIMAGEN,RW,HEURISTICO_MODULO
PATCH,/api/productosubgrupo/{tnId},"App\Modulos\CatalogoAvanzado\Controllers\CatalogoAvanzadoController",ActualizarSubgrupoParcial,CATALOGOAVANZADO,CatalogoAvanzadoService,PRODUCTOSUBGRUPO,RW,HEURISTICO_MODULO
PATCH,/api/productosubgrupo/{tnId},"App\Modulos\CatalogoAvanzado\Controllers\CatalogoAvanzadoController",ActualizarSubgrupoParcial,CATALOGOAVANZADO,CatalogoAvanzadoService,TIPOIMAGEN,R,HEURISTICO_MODULO
PUT,/api/productosubgrupo/{tnId},"App\Modulos\CatalogoAvanzado\Controllers\CatalogoAvanzadoController",ActualizarSubgrupo,CATALOGOAVANZADO,CatalogoAvanzadoService,PRODUCTO,R,HEURISTICO_MODULO
PUT,/api/productosubgrupo/{tnId},"App\Modulos\CatalogoAvanzado\Controllers\CatalogoAvanzadoController",ActualizarSubgrupo,CATALOGOAVANZADO,CatalogoAvanzadoService,PRODUCTOFAMILIA,RW,HEURISTICO_MODULO
PUT,/api/productosubgrupo/{tnId},"App\Modulos\CatalogoAvanzado\Controllers\CatalogoAvanzadoController",ActualizarSubgrupo,CATALOGOAVANZADO,CatalogoAvanzadoService,PRODUCTOGRUPO,RW,HEURISTICO_MODULO
PUT,/api/productosubgrupo/{tnId},"App\Modulos\CatalogoAvanzado\Controllers\CatalogoAvanzadoController",ActualizarSubgrupo,CATALOGOAVANZADO,CatalogoAvanzadoService,PRODUCTOIMAGEN,RW,HEURISTICO_MODULO
PUT,/api/productosubgrupo/{tnId},"App\Modulos\CatalogoAvanzado\Controllers\CatalogoAvanzadoController",ActualizarSubgrupo,CATALOGOAVANZADO,CatalogoAvanzadoService,PRODUCTOSUBGRUPO,RW,HEURISTICO_MODULO
PUT,/api/productosubgrupo/{tnId},"App\Modulos\CatalogoAvanzado\Controllers\CatalogoAvanzadoController",ActualizarSubgrupo,CATALOGOAVANZADO,CatalogoAvanzadoService,TIPOIMAGEN,R,HEURISTICO_MODULO
GET,/api/reglaalerta,"App\Modulos\Alerta\Controllers\AlertaController",ListarReglas,ALERTA,AlertaService,ALERTA,RW,HEURISTICO_MODULO
GET,/api/reglaalerta,"App\Modulos\Alerta\Controllers\AlertaController",ListarReglas,ALERTA,AlertaService,EXISTENCIACELDA,R,HEURISTICO_MODULO
GET,/api/reglaalerta,"App\Modulos\Alerta\Controllers\AlertaController",ListarReglas,ALERTA,AlertaService,REGLAALERTA,RW,HEURISTICO_MODULO
GET,/api/reglaalerta,"App\Modulos\Alerta\Controllers\AlertaController",ListarReglas,ALERTA,AlertaService,TELEMETRIA,R,HEURISTICO_MODULO
POST,/api/reglaalerta,"App\Modulos\Alerta\Controllers\AlertaController",CrearRegla,ALERTA,AlertaService,ALERTA,RW,HEURISTICO_MODULO
POST,/api/reglaalerta,"App\Modulos\Alerta\Controllers\AlertaController",CrearRegla,ALERTA,AlertaService,EXISTENCIACELDA,R,HEURISTICO_MODULO
POST,/api/reglaalerta,"App\Modulos\Alerta\Controllers\AlertaController",CrearRegla,ALERTA,AlertaService,REGLAALERTA,RW,HEURISTICO_MODULO
POST,/api/reglaalerta,"App\Modulos\Alerta\Controllers\AlertaController",CrearRegla,ALERTA,AlertaService,TELEMETRIA,R,HEURISTICO_MODULO
DELETE,/api/reglaalerta/{tnRegla},"App\Modulos\Alerta\Controllers\AlertaController",EliminarRegla,ALERTA,AlertaService,ALERTA,RW,HEURISTICO_MODULO
DELETE,/api/reglaalerta/{tnRegla},"App\Modulos\Alerta\Controllers\AlertaController",EliminarRegla,ALERTA,AlertaService,EXISTENCIACELDA,R,HEURISTICO_MODULO
DELETE,/api/reglaalerta/{tnRegla},"App\Modulos\Alerta\Controllers\AlertaController",EliminarRegla,ALERTA,AlertaService,REGLAALERTA,RW,HEURISTICO_MODULO
DELETE,/api/reglaalerta/{tnRegla},"App\Modulos\Alerta\Controllers\AlertaController",EliminarRegla,ALERTA,AlertaService,TELEMETRIA,R,HEURISTICO_MODULO
GET,/api/reglaalerta/{tnRegla},"App\Modulos\Alerta\Controllers\AlertaController",ObtenerRegla,ALERTA,AlertaService,ALERTA,RW,HEURISTICO_MODULO
GET,/api/reglaalerta/{tnRegla},"App\Modulos\Alerta\Controllers\AlertaController",ObtenerRegla,ALERTA,AlertaService,EXISTENCIACELDA,R,HEURISTICO_MODULO
GET,/api/reglaalerta/{tnRegla},"App\Modulos\Alerta\Controllers\AlertaController",ObtenerRegla,ALERTA,AlertaService,REGLAALERTA,RW,HEURISTICO_MODULO
GET,/api/reglaalerta/{tnRegla},"App\Modulos\Alerta\Controllers\AlertaController",ObtenerRegla,ALERTA,AlertaService,TELEMETRIA,R,HEURISTICO_MODULO
PATCH,/api/reglaalerta/{tnRegla},"App\Modulos\Alerta\Controllers\AlertaController",ActualizarReglaParcial,ALERTA,AlertaService,ALERTA,RW,HEURISTICO_MODULO
PATCH,/api/reglaalerta/{tnRegla},"App\Modulos\Alerta\Controllers\AlertaController",ActualizarReglaParcial,ALERTA,AlertaService,EXISTENCIACELDA,R,HEURISTICO_MODULO
PATCH,/api/reglaalerta/{tnRegla},"App\Modulos\Alerta\Controllers\AlertaController",ActualizarReglaParcial,ALERTA,AlertaService,REGLAALERTA,RW,HEURISTICO_MODULO
PATCH,/api/reglaalerta/{tnRegla},"App\Modulos\Alerta\Controllers\AlertaController",ActualizarReglaParcial,ALERTA,AlertaService,TELEMETRIA,R,HEURISTICO_MODULO
PUT,/api/reglaalerta/{tnRegla},"App\Modulos\Alerta\Controllers\AlertaController",ActualizarRegla,ALERTA,AlertaService,ALERTA,RW,HEURISTICO_MODULO
PUT,/api/reglaalerta/{tnRegla},"App\Modulos\Alerta\Controllers\AlertaController",ActualizarRegla,ALERTA,AlertaService,EXISTENCIACELDA,R,HEURISTICO_MODULO
PUT,/api/reglaalerta/{tnRegla},"App\Modulos\Alerta\Controllers\AlertaController",ActualizarRegla,ALERTA,AlertaService,REGLAALERTA,RW,HEURISTICO_MODULO
PUT,/api/reglaalerta/{tnRegla},"App\Modulos\Alerta\Controllers\AlertaController",ActualizarRegla,ALERTA,AlertaService,TELEMETRIA,R,HEURISTICO_MODULO
GET,/api/reporte,"App\Modulos\Reporte\Controllers\ReporteController",Listar,REPORTE,ReporteService,REPORTEARCHIVO,RW,HEURISTICO_MODULO
GET,/api/reporte,"App\Modulos\Reporte\Controllers\ReporteController",Listar,REPORTE,ReporteService,REPORTEGENERADO,RW,HEURISTICO_MODULO
POST,/api/reporte/generar,"App\Modulos\Reporte\Controllers\ReporteController",Generar,REPORTE,ReporteService,REPORTEARCHIVO,RW,HEURISTICO_MODULO
POST,/api/reporte/generar,"App\Modulos\Reporte\Controllers\ReporteController",Generar,REPORTE,ReporteService,REPORTEGENERADO,RW,HEURISTICO_MODULO
GET,/api/reporte/{tnReporte},"App\Modulos\Reporte\Controllers\ReporteController",Obtener,REPORTE,ReporteService,REPORTEARCHIVO,RW,HEURISTICO_MODULO
GET,/api/reporte/{tnReporte},"App\Modulos\Reporte\Controllers\ReporteController",Obtener,REPORTE,ReporteService,REPORTEGENERADO,RW,HEURISTICO_MODULO
GET,/api/reporte/{tnReporte}/descargar,"App\Modulos\Reporte\Controllers\ReporteController",Descargar,REPORTE,ReporteService,REPORTEARCHIVO,RW,HEURISTICO_MODULO
GET,/api/reporte/{tnReporte}/descargar,"App\Modulos\Reporte\Controllers\ReporteController",Descargar,REPORTE,ReporteService,REPORTEGENERADO,RW,HEURISTICO_MODULO
GET,/api/reposicion,"App\Modulos\Reposicion\Controllers\ReposicionController",Listar,REPOSICION,ReposicionService,CELDA,W,HEURISTICO_MODULO
GET,/api/reposicion,"App\Modulos\Reposicion\Controllers\ReposicionController",Listar,REPOSICION,ReposicionService,EXISTENCIACELDA,W,HEURISTICO_MODULO
GET,/api/reposicion,"App\Modulos\Reposicion\Controllers\ReposicionController",Listar,REPOSICION,ReposicionService,LOTE,RW,HEURISTICO_MODULO
GET,/api/reposicion,"App\Modulos\Reposicion\Controllers\ReposicionController",Listar,REPOSICION,ReposicionService,MAQUINA,R,HEURISTICO_MODULO
GET,/api/reposicion,"App\Modulos\Reposicion\Controllers\ReposicionController",Listar,REPOSICION,ReposicionService,MOVIMIENTOINVENTARIO,RW,HEURISTICO_MODULO
GET,/api/reposicion,"App\Modulos\Reposicion\Controllers\ReposicionController",Listar,REPOSICION,ReposicionService,REPOSICION,RW,HEURISTICO_MODULO
GET,/api/reposicion,"App\Modulos\Reposicion\Controllers\ReposicionController",Listar,REPOSICION,ReposicionService,REPOSICIONDETALLE,RW,HEURISTICO_MODULO
GET,/api/reposicion,"App\Modulos\Reposicion\Controllers\ReposicionController",Listar,REPOSICION,ReposicionService,TIPOMOVIMIENTOINVENTARIO,R,HEURISTICO_MODULO
GET,/api/reposicion,"App\Modulos\Reposicion\Controllers\ReposicionController",Listar,REPOSICION,ReposicionService,USUARIO,R,HEURISTICO_MODULO
POST,/api/reposicion,"App\Modulos\Reposicion\Controllers\ReposicionController",RecargarPorSeleccion,REPOSICION,ReposicionService,CELDA,W,HEURISTICO_MODULO
POST,/api/reposicion,"App\Modulos\Reposicion\Controllers\ReposicionController",RecargarPorSeleccion,REPOSICION,ReposicionService,EXISTENCIACELDA,W,HEURISTICO_MODULO
POST,/api/reposicion,"App\Modulos\Reposicion\Controllers\ReposicionController",RecargarPorSeleccion,REPOSICION,ReposicionService,LOTE,RW,HEURISTICO_MODULO
POST,/api/reposicion,"App\Modulos\Reposicion\Controllers\ReposicionController",RecargarPorSeleccion,REPOSICION,ReposicionService,MAQUINA,R,HEURISTICO_MODULO
POST,/api/reposicion,"App\Modulos\Reposicion\Controllers\ReposicionController",RecargarPorSeleccion,REPOSICION,ReposicionService,MOVIMIENTOINVENTARIO,RW,HEURISTICO_MODULO
POST,/api/reposicion,"App\Modulos\Reposicion\Controllers\ReposicionController",RecargarPorSeleccion,REPOSICION,ReposicionService,REPOSICION,RW,HEURISTICO_MODULO
POST,/api/reposicion,"App\Modulos\Reposicion\Controllers\ReposicionController",RecargarPorSeleccion,REPOSICION,ReposicionService,REPOSICIONDETALLE,RW,HEURISTICO_MODULO
POST,/api/reposicion,"App\Modulos\Reposicion\Controllers\ReposicionController",RecargarPorSeleccion,REPOSICION,ReposicionService,TIPOMOVIMIENTOINVENTARIO,R,HEURISTICO_MODULO
POST,/api/reposicion,"App\Modulos\Reposicion\Controllers\ReposicionController",RecargarPorSeleccion,REPOSICION,ReposicionService,USUARIO,R,HEURISTICO_MODULO
GET,/api/reposicion/maquina/{tnMaquina},"App\Modulos\Reposicion\Controllers\ReposicionController",ListarPorMaquina,REPOSICION,ReposicionService,CELDA,W,HEURISTICO_MODULO
GET,/api/reposicion/maquina/{tnMaquina},"App\Modulos\Reposicion\Controllers\ReposicionController",ListarPorMaquina,REPOSICION,ReposicionService,EXISTENCIACELDA,W,HEURISTICO_MODULO
GET,/api/reposicion/maquina/{tnMaquina},"App\Modulos\Reposicion\Controllers\ReposicionController",ListarPorMaquina,REPOSICION,ReposicionService,LOTE,RW,HEURISTICO_MODULO
GET,/api/reposicion/maquina/{tnMaquina},"App\Modulos\Reposicion\Controllers\ReposicionController",ListarPorMaquina,REPOSICION,ReposicionService,MAQUINA,R,HEURISTICO_MODULO
GET,/api/reposicion/maquina/{tnMaquina},"App\Modulos\Reposicion\Controllers\ReposicionController",ListarPorMaquina,REPOSICION,ReposicionService,MOVIMIENTOINVENTARIO,RW,HEURISTICO_MODULO
GET,/api/reposicion/maquina/{tnMaquina},"App\Modulos\Reposicion\Controllers\ReposicionController",ListarPorMaquina,REPOSICION,ReposicionService,REPOSICION,RW,HEURISTICO_MODULO
GET,/api/reposicion/maquina/{tnMaquina},"App\Modulos\Reposicion\Controllers\ReposicionController",ListarPorMaquina,REPOSICION,ReposicionService,REPOSICIONDETALLE,RW,HEURISTICO_MODULO
GET,/api/reposicion/maquina/{tnMaquina},"App\Modulos\Reposicion\Controllers\ReposicionController",ListarPorMaquina,REPOSICION,ReposicionService,TIPOMOVIMIENTOINVENTARIO,R,HEURISTICO_MODULO
GET,/api/reposicion/maquina/{tnMaquina},"App\Modulos\Reposicion\Controllers\ReposicionController",ListarPorMaquina,REPOSICION,ReposicionService,USUARIO,R,HEURISTICO_MODULO
POST,/api/reposicion/prevalidar,"App\Modulos\Reposicion\Controllers\ReposicionController",Prevalidar,REPOSICION,ReposicionService,CELDA,W,HEURISTICO_MODULO
POST,/api/reposicion/prevalidar,"App\Modulos\Reposicion\Controllers\ReposicionController",Prevalidar,REPOSICION,ReposicionService,EXISTENCIACELDA,W,HEURISTICO_MODULO
POST,/api/reposicion/prevalidar,"App\Modulos\Reposicion\Controllers\ReposicionController",Prevalidar,REPOSICION,ReposicionService,LOTE,RW,HEURISTICO_MODULO
POST,/api/reposicion/prevalidar,"App\Modulos\Reposicion\Controllers\ReposicionController",Prevalidar,REPOSICION,ReposicionService,MAQUINA,R,HEURISTICO_MODULO
POST,/api/reposicion/prevalidar,"App\Modulos\Reposicion\Controllers\ReposicionController",Prevalidar,REPOSICION,ReposicionService,MOVIMIENTOINVENTARIO,RW,HEURISTICO_MODULO
POST,/api/reposicion/prevalidar,"App\Modulos\Reposicion\Controllers\ReposicionController",Prevalidar,REPOSICION,ReposicionService,REPOSICION,RW,HEURISTICO_MODULO
POST,/api/reposicion/prevalidar,"App\Modulos\Reposicion\Controllers\ReposicionController",Prevalidar,REPOSICION,ReposicionService,REPOSICIONDETALLE,RW,HEURISTICO_MODULO
POST,/api/reposicion/prevalidar,"App\Modulos\Reposicion\Controllers\ReposicionController",Prevalidar,REPOSICION,ReposicionService,TIPOMOVIMIENTOINVENTARIO,R,HEURISTICO_MODULO
POST,/api/reposicion/prevalidar,"App\Modulos\Reposicion\Controllers\ReposicionController",Prevalidar,REPOSICION,ReposicionService,USUARIO,R,HEURISTICO_MODULO
GET,/api/reposicion/{tnReposicion},"App\Modulos\Reposicion\Controllers\ReposicionController",Obtener,REPOSICION,ReposicionService,CELDA,W,HEURISTICO_MODULO
GET,/api/reposicion/{tnReposicion},"App\Modulos\Reposicion\Controllers\ReposicionController",Obtener,REPOSICION,ReposicionService,EXISTENCIACELDA,W,HEURISTICO_MODULO
GET,/api/reposicion/{tnReposicion},"App\Modulos\Reposicion\Controllers\ReposicionController",Obtener,REPOSICION,ReposicionService,LOTE,RW,HEURISTICO_MODULO
GET,/api/reposicion/{tnReposicion},"App\Modulos\Reposicion\Controllers\ReposicionController",Obtener,REPOSICION,ReposicionService,MAQUINA,R,HEURISTICO_MODULO
GET,/api/reposicion/{tnReposicion},"App\Modulos\Reposicion\Controllers\ReposicionController",Obtener,REPOSICION,ReposicionService,MOVIMIENTOINVENTARIO,RW,HEURISTICO_MODULO
GET,/api/reposicion/{tnReposicion},"App\Modulos\Reposicion\Controllers\ReposicionController",Obtener,REPOSICION,ReposicionService,REPOSICION,RW,HEURISTICO_MODULO
GET,/api/reposicion/{tnReposicion},"App\Modulos\Reposicion\Controllers\ReposicionController",Obtener,REPOSICION,ReposicionService,REPOSICIONDETALLE,RW,HEURISTICO_MODULO
GET,/api/reposicion/{tnReposicion},"App\Modulos\Reposicion\Controllers\ReposicionController",Obtener,REPOSICION,ReposicionService,TIPOMOVIMIENTOINVENTARIO,R,HEURISTICO_MODULO
GET,/api/reposicion/{tnReposicion},"App\Modulos\Reposicion\Controllers\ReposicionController",Obtener,REPOSICION,ReposicionService,USUARIO,R,HEURISTICO_MODULO
POST,/api/reserva,"App\Modulos\Reserva\Controllers\ReservaController",Reservar,RESERVA,ReservaService,CELDA,R,HEURISTICO_MODULO
POST,/api/reserva,"App\Modulos\Reserva\Controllers\ReservaController",Reservar,RESERVA,ReservaService,EXISTENCIACELDA,W,HEURISTICO_MODULO
POST,/api/reserva,"App\Modulos\Reserva\Controllers\ReservaController",Reservar,RESERVA,ReservaService,MAQUINA,R,HEURISTICO_MODULO
POST,/api/reserva,"App\Modulos\Reserva\Controllers\ReservaController",Reservar,RESERVA,ReservaService,PLANOGRAMA,R,HEURISTICO_MODULO
POST,/api/reserva,"App\Modulos\Reserva\Controllers\ReservaController",Reservar,RESERVA,ReservaService,PLANOGRAMACELDA,R,HEURISTICO_MODULO
POST,/api/reserva,"App\Modulos\Reserva\Controllers\ReservaController",Reservar,RESERVA,ReservaService,RESERVA,RW,HEURISTICO_MODULO
POST,/api/reserva,"App\Modulos\Reserva\Controllers\ReservaController",Reservar,RESERVA,ReservaService,RESERVADETALLE,W,HEURISTICO_MODULO
POST,/api/reserva,"App\Modulos\Reserva\Controllers\ReservaController",Reservar,RESERVA,ReservaService,VENTA,W,HEURISTICO_MODULO
POST,/api/reserva/cancelar,"App\Modulos\Reserva\Controllers\ReservaController",Cancelar,RESERVA,ReservaService,CELDA,R,HEURISTICO_MODULO
POST,/api/reserva/cancelar,"App\Modulos\Reserva\Controllers\ReservaController",Cancelar,RESERVA,ReservaService,EXISTENCIACELDA,W,HEURISTICO_MODULO
POST,/api/reserva/cancelar,"App\Modulos\Reserva\Controllers\ReservaController",Cancelar,RESERVA,ReservaService,MAQUINA,R,HEURISTICO_MODULO
POST,/api/reserva/cancelar,"App\Modulos\Reserva\Controllers\ReservaController",Cancelar,RESERVA,ReservaService,PLANOGRAMA,R,HEURISTICO_MODULO
POST,/api/reserva/cancelar,"App\Modulos\Reserva\Controllers\ReservaController",Cancelar,RESERVA,ReservaService,PLANOGRAMACELDA,R,HEURISTICO_MODULO
POST,/api/reserva/cancelar,"App\Modulos\Reserva\Controllers\ReservaController",Cancelar,RESERVA,ReservaService,RESERVA,RW,HEURISTICO_MODULO
POST,/api/reserva/cancelar,"App\Modulos\Reserva\Controllers\ReservaController",Cancelar,RESERVA,ReservaService,RESERVADETALLE,W,HEURISTICO_MODULO
POST,/api/reserva/cancelar,"App\Modulos\Reserva\Controllers\ReservaController",Cancelar,RESERVA,ReservaService,VENTA,W,HEURISTICO_MODULO
POST,/api/reserva/confirmar,"App\Modulos\Reserva\Controllers\ReservaController",Confirmar,RESERVA,ReservaService,CELDA,R,HEURISTICO_MODULO
POST,/api/reserva/confirmar,"App\Modulos\Reserva\Controllers\ReservaController",Confirmar,RESERVA,ReservaService,EXISTENCIACELDA,W,HEURISTICO_MODULO
POST,/api/reserva/confirmar,"App\Modulos\Reserva\Controllers\ReservaController",Confirmar,RESERVA,ReservaService,MAQUINA,R,HEURISTICO_MODULO
POST,/api/reserva/confirmar,"App\Modulos\Reserva\Controllers\ReservaController",Confirmar,RESERVA,ReservaService,PLANOGRAMA,R,HEURISTICO_MODULO
POST,/api/reserva/confirmar,"App\Modulos\Reserva\Controllers\ReservaController",Confirmar,RESERVA,ReservaService,PLANOGRAMACELDA,R,HEURISTICO_MODULO
POST,/api/reserva/confirmar,"App\Modulos\Reserva\Controllers\ReservaController",Confirmar,RESERVA,ReservaService,RESERVA,RW,HEURISTICO_MODULO
POST,/api/reserva/confirmar,"App\Modulos\Reserva\Controllers\ReservaController",Confirmar,RESERVA,ReservaService,RESERVADETALLE,W,HEURISTICO_MODULO
POST,/api/reserva/confirmar,"App\Modulos\Reserva\Controllers\ReservaController",Confirmar,RESERVA,ReservaService,VENTA,W,HEURISTICO_MODULO
GET,/api/stock/maquina/{IdMaquina},"App\Modulos\Stock\Controllers\StockController",StockPorMaquina,STOCK,MovimientoInventarioService,MOVIMIENTOINVENTARIO,R,HEURISTICO_MODULO
GET,/api/stock/maquina/{IdMaquina},"App\Modulos\Stock\Controllers\StockController",StockPorMaquina,STOCK,StockService,CELDA,R,HEURISTICO_MODULO
GET,/api/stock/maquina/{IdMaquina}/seleccion/{CodigoSeleccion},"App\Modulos\Stock\Controllers\StockController",StockPorSeleccion,STOCK,MovimientoInventarioService,MOVIMIENTOINVENTARIO,R,HEURISTICO_MODULO
GET,/api/stock/maquina/{IdMaquina}/seleccion/{CodigoSeleccion},"App\Modulos\Stock\Controllers\StockController",StockPorSeleccion,STOCK,StockService,CELDA,R,HEURISTICO_MODULO
GET,/api/stock/movimientos,"App\Modulos\Stock\Controllers\StockController",Movimientos,STOCK,MovimientoInventarioService,MOVIMIENTOINVENTARIO,R,HEURISTICO_MODULO
GET,/api/stock/movimientos,"App\Modulos\Stock\Controllers\StockController",Movimientos,STOCK,StockService,CELDA,R,HEURISTICO_MODULO
GET,/api/tablero/ejecutivo/mapa,"App\Modulos\Tablero\Controllers\TableroController",EjecutivoMapa,TABLERO,TableroService,ALERTA,R,HEURISTICO_MODULO
GET,/api/tablero/ejecutivo/mapa,"App\Modulos\Tablero\Controllers\TableroController",EjecutivoMapa,TABLERO,TableroService,CELDA,R,HEURISTICO_MODULO
GET,/api/tablero/ejecutivo/mapa,"App\Modulos\Tablero\Controllers\TableroController",EjecutivoMapa,TABLERO,TableroService,EXISTENCIACELDA,R,HEURISTICO_MODULO
GET,/api/tablero/ejecutivo/mapa,"App\Modulos\Tablero\Controllers\TableroController",EjecutivoMapa,TABLERO,TableroService,MAQUINA,R,HEURISTICO_MODULO
GET,/api/tablero/ejecutivo/mapa,"App\Modulos\Tablero\Controllers\TableroController",EjecutivoMapa,TABLERO,TableroService,MERMA,R,HEURISTICO_MODULO
GET,/api/tablero/ejecutivo/mapa,"App\Modulos\Tablero\Controllers\TableroController",EjecutivoMapa,TABLERO,TableroService,MOVIMIENTOINVENTARIO,R,HEURISTICO_MODULO
GET,/api/tablero/ejecutivo/mapa,"App\Modulos\Tablero\Controllers\TableroController",EjecutivoMapa,TABLERO,TableroService,PLANOGRAMA,R,HEURISTICO_MODULO
GET,/api/tablero/ejecutivo/mapa,"App\Modulos\Tablero\Controllers\TableroController",EjecutivoMapa,TABLERO,TableroService,REPOSICION,R,HEURISTICO_MODULO
GET,/api/tablero/ejecutivo/mapa,"App\Modulos\Tablero\Controllers\TableroController",EjecutivoMapa,TABLERO,TableroService,REPOSICIONDETALLE,R,HEURISTICO_MODULO
GET,/api/tablero/ejecutivo/mapa,"App\Modulos\Tablero\Controllers\TableroController",EjecutivoMapa,TABLERO,TableroService,RESERVA,R,HEURISTICO_MODULO
GET,/api/tablero/ejecutivo/mapa,"App\Modulos\Tablero\Controllers\TableroController",EjecutivoMapa,TABLERO,TableroService,USUARIO,R,HEURISTICO_MODULO
GET,/api/tablero/ejecutivo/mapa,"App\Modulos\Tablero\Controllers\TableroController",EjecutivoMapa,TABLERO,TableroService,USUARIOMAQUINA,R,HEURISTICO_MODULO
GET,/api/tablero/ejecutivo/mapa,"App\Modulos\Tablero\Controllers\TableroController",EjecutivoMapa,TABLERO,TableroService,VENTA,R,HEURISTICO_MODULO
GET,/api/tablero/ejecutivo/maquina/{tnMaquina}/detalle,"App\Modulos\Tablero\Controllers\TableroController",EjecutivoDetalleMaquina,TABLERO,TableroService,ALERTA,R,HEURISTICO_MODULO
GET,/api/tablero/ejecutivo/maquina/{tnMaquina}/detalle,"App\Modulos\Tablero\Controllers\TableroController",EjecutivoDetalleMaquina,TABLERO,TableroService,CELDA,R,HEURISTICO_MODULO
GET,/api/tablero/ejecutivo/maquina/{tnMaquina}/detalle,"App\Modulos\Tablero\Controllers\TableroController",EjecutivoDetalleMaquina,TABLERO,TableroService,EXISTENCIACELDA,R,HEURISTICO_MODULO
GET,/api/tablero/ejecutivo/maquina/{tnMaquina}/detalle,"App\Modulos\Tablero\Controllers\TableroController",EjecutivoDetalleMaquina,TABLERO,TableroService,MAQUINA,R,HEURISTICO_MODULO
GET,/api/tablero/ejecutivo/maquina/{tnMaquina}/detalle,"App\Modulos\Tablero\Controllers\TableroController",EjecutivoDetalleMaquina,TABLERO,TableroService,MERMA,R,HEURISTICO_MODULO
GET,/api/tablero/ejecutivo/maquina/{tnMaquina}/detalle,"App\Modulos\Tablero\Controllers\TableroController",EjecutivoDetalleMaquina,TABLERO,TableroService,MOVIMIENTOINVENTARIO,R,HEURISTICO_MODULO
GET,/api/tablero/ejecutivo/maquina/{tnMaquina}/detalle,"App\Modulos\Tablero\Controllers\TableroController",EjecutivoDetalleMaquina,TABLERO,TableroService,PLANOGRAMA,R,HEURISTICO_MODULO
GET,/api/tablero/ejecutivo/maquina/{tnMaquina}/detalle,"App\Modulos\Tablero\Controllers\TableroController",EjecutivoDetalleMaquina,TABLERO,TableroService,REPOSICION,R,HEURISTICO_MODULO
GET,/api/tablero/ejecutivo/maquina/{tnMaquina}/detalle,"App\Modulos\Tablero\Controllers\TableroController",EjecutivoDetalleMaquina,TABLERO,TableroService,REPOSICIONDETALLE,R,HEURISTICO_MODULO
GET,/api/tablero/ejecutivo/maquina/{tnMaquina}/detalle,"App\Modulos\Tablero\Controllers\TableroController",EjecutivoDetalleMaquina,TABLERO,TableroService,RESERVA,R,HEURISTICO_MODULO
GET,/api/tablero/ejecutivo/maquina/{tnMaquina}/detalle,"App\Modulos\Tablero\Controllers\TableroController",EjecutivoDetalleMaquina,TABLERO,TableroService,USUARIO,R,HEURISTICO_MODULO
GET,/api/tablero/ejecutivo/maquina/{tnMaquina}/detalle,"App\Modulos\Tablero\Controllers\TableroController",EjecutivoDetalleMaquina,TABLERO,TableroService,USUARIOMAQUINA,R,HEURISTICO_MODULO
GET,/api/tablero/ejecutivo/maquina/{tnMaquina}/detalle,"App\Modulos\Tablero\Controllers\TableroController",EjecutivoDetalleMaquina,TABLERO,TableroService,VENTA,R,HEURISTICO_MODULO
GET,/api/tablero/ejecutivo/maquinas,"App\Modulos\Tablero\Controllers\TableroController",EjecutivoMaquinas,TABLERO,TableroService,ALERTA,R,HEURISTICO_MODULO
GET,/api/tablero/ejecutivo/maquinas,"App\Modulos\Tablero\Controllers\TableroController",EjecutivoMaquinas,TABLERO,TableroService,CELDA,R,HEURISTICO_MODULO
GET,/api/tablero/ejecutivo/maquinas,"App\Modulos\Tablero\Controllers\TableroController",EjecutivoMaquinas,TABLERO,TableroService,EXISTENCIACELDA,R,HEURISTICO_MODULO
GET,/api/tablero/ejecutivo/maquinas,"App\Modulos\Tablero\Controllers\TableroController",EjecutivoMaquinas,TABLERO,TableroService,MAQUINA,R,HEURISTICO_MODULO
GET,/api/tablero/ejecutivo/maquinas,"App\Modulos\Tablero\Controllers\TableroController",EjecutivoMaquinas,TABLERO,TableroService,MERMA,R,HEURISTICO_MODULO
GET,/api/tablero/ejecutivo/maquinas,"App\Modulos\Tablero\Controllers\TableroController",EjecutivoMaquinas,TABLERO,TableroService,MOVIMIENTOINVENTARIO,R,HEURISTICO_MODULO
GET,/api/tablero/ejecutivo/maquinas,"App\Modulos\Tablero\Controllers\TableroController",EjecutivoMaquinas,TABLERO,TableroService,PLANOGRAMA,R,HEURISTICO_MODULO
GET,/api/tablero/ejecutivo/maquinas,"App\Modulos\Tablero\Controllers\TableroController",EjecutivoMaquinas,TABLERO,TableroService,REPOSICION,R,HEURISTICO_MODULO
GET,/api/tablero/ejecutivo/maquinas,"App\Modulos\Tablero\Controllers\TableroController",EjecutivoMaquinas,TABLERO,TableroService,REPOSICIONDETALLE,R,HEURISTICO_MODULO
GET,/api/tablero/ejecutivo/maquinas,"App\Modulos\Tablero\Controllers\TableroController",EjecutivoMaquinas,TABLERO,TableroService,RESERVA,R,HEURISTICO_MODULO
GET,/api/tablero/ejecutivo/maquinas,"App\Modulos\Tablero\Controllers\TableroController",EjecutivoMaquinas,TABLERO,TableroService,USUARIO,R,HEURISTICO_MODULO
GET,/api/tablero/ejecutivo/maquinas,"App\Modulos\Tablero\Controllers\TableroController",EjecutivoMaquinas,TABLERO,TableroService,USUARIOMAQUINA,R,HEURISTICO_MODULO
GET,/api/tablero/ejecutivo/maquinas,"App\Modulos\Tablero\Controllers\TableroController",EjecutivoMaquinas,TABLERO,TableroService,VENTA,R,HEURISTICO_MODULO
GET,/api/tablero/ejecutivo/ranking,"App\Modulos\Tablero\Controllers\TableroController",EjecutivoRanking,TABLERO,TableroService,ALERTA,R,HEURISTICO_MODULO
GET,/api/tablero/ejecutivo/ranking,"App\Modulos\Tablero\Controllers\TableroController",EjecutivoRanking,TABLERO,TableroService,CELDA,R,HEURISTICO_MODULO
GET,/api/tablero/ejecutivo/ranking,"App\Modulos\Tablero\Controllers\TableroController",EjecutivoRanking,TABLERO,TableroService,EXISTENCIACELDA,R,HEURISTICO_MODULO
GET,/api/tablero/ejecutivo/ranking,"App\Modulos\Tablero\Controllers\TableroController",EjecutivoRanking,TABLERO,TableroService,MAQUINA,R,HEURISTICO_MODULO
GET,/api/tablero/ejecutivo/ranking,"App\Modulos\Tablero\Controllers\TableroController",EjecutivoRanking,TABLERO,TableroService,MERMA,R,HEURISTICO_MODULO
GET,/api/tablero/ejecutivo/ranking,"App\Modulos\Tablero\Controllers\TableroController",EjecutivoRanking,TABLERO,TableroService,MOVIMIENTOINVENTARIO,R,HEURISTICO_MODULO
GET,/api/tablero/ejecutivo/ranking,"App\Modulos\Tablero\Controllers\TableroController",EjecutivoRanking,TABLERO,TableroService,PLANOGRAMA,R,HEURISTICO_MODULO
GET,/api/tablero/ejecutivo/ranking,"App\Modulos\Tablero\Controllers\TableroController",EjecutivoRanking,TABLERO,TableroService,REPOSICION,R,HEURISTICO_MODULO
GET,/api/tablero/ejecutivo/ranking,"App\Modulos\Tablero\Controllers\TableroController",EjecutivoRanking,TABLERO,TableroService,REPOSICIONDETALLE,R,HEURISTICO_MODULO
GET,/api/tablero/ejecutivo/ranking,"App\Modulos\Tablero\Controllers\TableroController",EjecutivoRanking,TABLERO,TableroService,RESERVA,R,HEURISTICO_MODULO
GET,/api/tablero/ejecutivo/ranking,"App\Modulos\Tablero\Controllers\TableroController",EjecutivoRanking,TABLERO,TableroService,USUARIO,R,HEURISTICO_MODULO
GET,/api/tablero/ejecutivo/ranking,"App\Modulos\Tablero\Controllers\TableroController",EjecutivoRanking,TABLERO,TableroService,USUARIOMAQUINA,R,HEURISTICO_MODULO
GET,/api/tablero/ejecutivo/ranking,"App\Modulos\Tablero\Controllers\TableroController",EjecutivoRanking,TABLERO,TableroService,VENTA,R,HEURISTICO_MODULO
GET,/api/tablero/ejecutivo/resumen,"App\Modulos\Tablero\Controllers\TableroController",EjecutivoResumen,TABLERO,TableroService,ALERTA,R,HEURISTICO_MODULO
GET,/api/tablero/ejecutivo/resumen,"App\Modulos\Tablero\Controllers\TableroController",EjecutivoResumen,TABLERO,TableroService,CELDA,R,HEURISTICO_MODULO
GET,/api/tablero/ejecutivo/resumen,"App\Modulos\Tablero\Controllers\TableroController",EjecutivoResumen,TABLERO,TableroService,EXISTENCIACELDA,R,HEURISTICO_MODULO
GET,/api/tablero/ejecutivo/resumen,"App\Modulos\Tablero\Controllers\TableroController",EjecutivoResumen,TABLERO,TableroService,MAQUINA,R,HEURISTICO_MODULO
GET,/api/tablero/ejecutivo/resumen,"App\Modulos\Tablero\Controllers\TableroController",EjecutivoResumen,TABLERO,TableroService,MERMA,R,HEURISTICO_MODULO
GET,/api/tablero/ejecutivo/resumen,"App\Modulos\Tablero\Controllers\TableroController",EjecutivoResumen,TABLERO,TableroService,MOVIMIENTOINVENTARIO,R,HEURISTICO_MODULO
GET,/api/tablero/ejecutivo/resumen,"App\Modulos\Tablero\Controllers\TableroController",EjecutivoResumen,TABLERO,TableroService,PLANOGRAMA,R,HEURISTICO_MODULO
GET,/api/tablero/ejecutivo/resumen,"App\Modulos\Tablero\Controllers\TableroController",EjecutivoResumen,TABLERO,TableroService,REPOSICION,R,HEURISTICO_MODULO
GET,/api/tablero/ejecutivo/resumen,"App\Modulos\Tablero\Controllers\TableroController",EjecutivoResumen,TABLERO,TableroService,REPOSICIONDETALLE,R,HEURISTICO_MODULO
GET,/api/tablero/ejecutivo/resumen,"App\Modulos\Tablero\Controllers\TableroController",EjecutivoResumen,TABLERO,TableroService,RESERVA,R,HEURISTICO_MODULO
GET,/api/tablero/ejecutivo/resumen,"App\Modulos\Tablero\Controllers\TableroController",EjecutivoResumen,TABLERO,TableroService,USUARIO,R,HEURISTICO_MODULO
GET,/api/tablero/ejecutivo/resumen,"App\Modulos\Tablero\Controllers\TableroController",EjecutivoResumen,TABLERO,TableroService,USUARIOMAQUINA,R,HEURISTICO_MODULO
GET,/api/tablero/ejecutivo/resumen,"App\Modulos\Tablero\Controllers\TableroController",EjecutivoResumen,TABLERO,TableroService,VENTA,R,HEURISTICO_MODULO
GET,/api/tablero/ejecutivo/unificado,"App\Modulos\Tablero\Controllers\TableroController",EjecutivoUnificado,TABLERO,TableroService,ALERTA,R,HEURISTICO_MODULO
GET,/api/tablero/ejecutivo/unificado,"App\Modulos\Tablero\Controllers\TableroController",EjecutivoUnificado,TABLERO,TableroService,CELDA,R,HEURISTICO_MODULO
GET,/api/tablero/ejecutivo/unificado,"App\Modulos\Tablero\Controllers\TableroController",EjecutivoUnificado,TABLERO,TableroService,EXISTENCIACELDA,R,HEURISTICO_MODULO
GET,/api/tablero/ejecutivo/unificado,"App\Modulos\Tablero\Controllers\TableroController",EjecutivoUnificado,TABLERO,TableroService,MAQUINA,R,HEURISTICO_MODULO
GET,/api/tablero/ejecutivo/unificado,"App\Modulos\Tablero\Controllers\TableroController",EjecutivoUnificado,TABLERO,TableroService,MERMA,R,HEURISTICO_MODULO
GET,/api/tablero/ejecutivo/unificado,"App\Modulos\Tablero\Controllers\TableroController",EjecutivoUnificado,TABLERO,TableroService,MOVIMIENTOINVENTARIO,R,HEURISTICO_MODULO
GET,/api/tablero/ejecutivo/unificado,"App\Modulos\Tablero\Controllers\TableroController",EjecutivoUnificado,TABLERO,TableroService,PLANOGRAMA,R,HEURISTICO_MODULO
GET,/api/tablero/ejecutivo/unificado,"App\Modulos\Tablero\Controllers\TableroController",EjecutivoUnificado,TABLERO,TableroService,REPOSICION,R,HEURISTICO_MODULO
GET,/api/tablero/ejecutivo/unificado,"App\Modulos\Tablero\Controllers\TableroController",EjecutivoUnificado,TABLERO,TableroService,REPOSICIONDETALLE,R,HEURISTICO_MODULO
GET,/api/tablero/ejecutivo/unificado,"App\Modulos\Tablero\Controllers\TableroController",EjecutivoUnificado,TABLERO,TableroService,RESERVA,R,HEURISTICO_MODULO
GET,/api/tablero/ejecutivo/unificado,"App\Modulos\Tablero\Controllers\TableroController",EjecutivoUnificado,TABLERO,TableroService,USUARIO,R,HEURISTICO_MODULO
GET,/api/tablero/ejecutivo/unificado,"App\Modulos\Tablero\Controllers\TableroController",EjecutivoUnificado,TABLERO,TableroService,USUARIOMAQUINA,R,HEURISTICO_MODULO
GET,/api/tablero/ejecutivo/unificado,"App\Modulos\Tablero\Controllers\TableroController",EjecutivoUnificado,TABLERO,TableroService,VENTA,R,HEURISTICO_MODULO
GET,/api/tablero/resumen,"App\Modulos\Tablero\Controllers\TableroController",Resumen,TABLERO,TableroService,ALERTA,R,HEURISTICO_MODULO
GET,/api/tablero/resumen,"App\Modulos\Tablero\Controllers\TableroController",Resumen,TABLERO,TableroService,CELDA,R,HEURISTICO_MODULO
GET,/api/tablero/resumen,"App\Modulos\Tablero\Controllers\TableroController",Resumen,TABLERO,TableroService,EXISTENCIACELDA,R,HEURISTICO_MODULO
GET,/api/tablero/resumen,"App\Modulos\Tablero\Controllers\TableroController",Resumen,TABLERO,TableroService,MAQUINA,R,HEURISTICO_MODULO
GET,/api/tablero/resumen,"App\Modulos\Tablero\Controllers\TableroController",Resumen,TABLERO,TableroService,MERMA,R,HEURISTICO_MODULO
GET,/api/tablero/resumen,"App\Modulos\Tablero\Controllers\TableroController",Resumen,TABLERO,TableroService,MOVIMIENTOINVENTARIO,R,HEURISTICO_MODULO
GET,/api/tablero/resumen,"App\Modulos\Tablero\Controllers\TableroController",Resumen,TABLERO,TableroService,PLANOGRAMA,R,HEURISTICO_MODULO
GET,/api/tablero/resumen,"App\Modulos\Tablero\Controllers\TableroController",Resumen,TABLERO,TableroService,REPOSICION,R,HEURISTICO_MODULO
GET,/api/tablero/resumen,"App\Modulos\Tablero\Controllers\TableroController",Resumen,TABLERO,TableroService,REPOSICIONDETALLE,R,HEURISTICO_MODULO
GET,/api/tablero/resumen,"App\Modulos\Tablero\Controllers\TableroController",Resumen,TABLERO,TableroService,RESERVA,R,HEURISTICO_MODULO
GET,/api/tablero/resumen,"App\Modulos\Tablero\Controllers\TableroController",Resumen,TABLERO,TableroService,USUARIO,R,HEURISTICO_MODULO
GET,/api/tablero/resumen,"App\Modulos\Tablero\Controllers\TableroController",Resumen,TABLERO,TableroService,USUARIOMAQUINA,R,HEURISTICO_MODULO
GET,/api/tablero/resumen,"App\Modulos\Tablero\Controllers\TableroController",Resumen,TABLERO,TableroService,VENTA,R,HEURISTICO_MODULO
GET,/api/tipoempresa,"App\Modulos\TipoEmpresa\Controllers\TipoEmpresaController",Listar,TIPOEMPRESA,TipoEmpresaService,TIPOEMPRESA,R,HEURISTICO_MODULO
GET,/api/tipointernet,"App\Modulos\TipoInternet\Controllers\TipoInternetController",Listar,TIPOINTERNET,TipoInternetService,TIPOINTERNET,R,HEURISTICO_MODULO
GET,/api/tipolugarinstalacion,"App\Modulos\TipoLugarInstalacion\Controllers\TipoLugarInstalacionController",Listar,TIPOLUGARINSTALACION,TipoLugarInstalacionService,TIPOLUGARINSTALACION,R,HEURISTICO_MODULO
GET,/api/usuario,"App\Modulos\Usuario\Controllers\UsuarioController",Listar,USUARIO,UsuarioService,ROL,W,HEURISTICO_MODULO
GET,/api/usuario,"App\Modulos\Usuario\Controllers\UsuarioController",Listar,USUARIO,UsuarioService,USUARIO,RW,HEURISTICO_MODULO
GET,/api/usuario,"App\Modulos\Usuario\Controllers\UsuarioController",Listar,USUARIO,UsuarioService,USUARIOMAQUINA,RW,HEURISTICO_MODULO
GET,/api/usuario,"App\Modulos\Usuario\Controllers\UsuarioController",Listar,USUARIO,UsuarioService,USUARIOROL,RW,HEURISTICO_MODULO
POST,/api/usuario,"App\Modulos\Usuario\Controllers\UsuarioController",Crear,USUARIO,UsuarioService,ROL,W,HEURISTICO_MODULO
POST,/api/usuario,"App\Modulos\Usuario\Controllers\UsuarioController",Crear,USUARIO,UsuarioService,USUARIO,RW,HEURISTICO_MODULO
POST,/api/usuario,"App\Modulos\Usuario\Controllers\UsuarioController",Crear,USUARIO,UsuarioService,USUARIOMAQUINA,RW,HEURISTICO_MODULO
POST,/api/usuario,"App\Modulos\Usuario\Controllers\UsuarioController",Crear,USUARIO,UsuarioService,USUARIOROL,RW,HEURISTICO_MODULO
DELETE,/api/usuario/{tnUsuario},"App\Modulos\Usuario\Controllers\UsuarioController",EliminarLogico,USUARIO,UsuarioService,ROL,W,HEURISTICO_MODULO
DELETE,/api/usuario/{tnUsuario},"App\Modulos\Usuario\Controllers\UsuarioController",EliminarLogico,USUARIO,UsuarioService,USUARIO,RW,HEURISTICO_MODULO
DELETE,/api/usuario/{tnUsuario},"App\Modulos\Usuario\Controllers\UsuarioController",EliminarLogico,USUARIO,UsuarioService,USUARIOMAQUINA,RW,HEURISTICO_MODULO
DELETE,/api/usuario/{tnUsuario},"App\Modulos\Usuario\Controllers\UsuarioController",EliminarLogico,USUARIO,UsuarioService,USUARIOROL,RW,HEURISTICO_MODULO
GET,/api/usuario/{tnUsuario},"App\Modulos\Usuario\Controllers\UsuarioController",Obtener,USUARIO,UsuarioService,ROL,W,HEURISTICO_MODULO
GET,/api/usuario/{tnUsuario},"App\Modulos\Usuario\Controllers\UsuarioController",Obtener,USUARIO,UsuarioService,USUARIO,RW,HEURISTICO_MODULO
GET,/api/usuario/{tnUsuario},"App\Modulos\Usuario\Controllers\UsuarioController",Obtener,USUARIO,UsuarioService,USUARIOMAQUINA,RW,HEURISTICO_MODULO
GET,/api/usuario/{tnUsuario},"App\Modulos\Usuario\Controllers\UsuarioController",Obtener,USUARIO,UsuarioService,USUARIOROL,RW,HEURISTICO_MODULO
PATCH,/api/usuario/{tnUsuario},"App\Modulos\Usuario\Controllers\UsuarioController",ActualizarParcial,USUARIO,UsuarioService,ROL,W,HEURISTICO_MODULO
PATCH,/api/usuario/{tnUsuario},"App\Modulos\Usuario\Controllers\UsuarioController",ActualizarParcial,USUARIO,UsuarioService,USUARIO,RW,HEURISTICO_MODULO
PATCH,/api/usuario/{tnUsuario},"App\Modulos\Usuario\Controllers\UsuarioController",ActualizarParcial,USUARIO,UsuarioService,USUARIOMAQUINA,RW,HEURISTICO_MODULO
PATCH,/api/usuario/{tnUsuario},"App\Modulos\Usuario\Controllers\UsuarioController",ActualizarParcial,USUARIO,UsuarioService,USUARIOROL,RW,HEURISTICO_MODULO
PUT,/api/usuario/{tnUsuario},"App\Modulos\Usuario\Controllers\UsuarioController",Actualizar,USUARIO,UsuarioService,ROL,W,HEURISTICO_MODULO
PUT,/api/usuario/{tnUsuario},"App\Modulos\Usuario\Controllers\UsuarioController",Actualizar,USUARIO,UsuarioService,USUARIO,RW,HEURISTICO_MODULO
PUT,/api/usuario/{tnUsuario},"App\Modulos\Usuario\Controllers\UsuarioController",Actualizar,USUARIO,UsuarioService,USUARIOMAQUINA,RW,HEURISTICO_MODULO
PUT,/api/usuario/{tnUsuario},"App\Modulos\Usuario\Controllers\UsuarioController",Actualizar,USUARIO,UsuarioService,USUARIOROL,RW,HEURISTICO_MODULO
GET,/api/usuario/{tnUsuario}/maquina,"App\Modulos\Usuario\Controllers\UsuarioController",ListarMaquinas,USUARIO,UsuarioService,ROL,W,HEURISTICO_MODULO
GET,/api/usuario/{tnUsuario}/maquina,"App\Modulos\Usuario\Controllers\UsuarioController",ListarMaquinas,USUARIO,UsuarioService,USUARIO,RW,HEURISTICO_MODULO
GET,/api/usuario/{tnUsuario}/maquina,"App\Modulos\Usuario\Controllers\UsuarioController",ListarMaquinas,USUARIO,UsuarioService,USUARIOMAQUINA,RW,HEURISTICO_MODULO
GET,/api/usuario/{tnUsuario}/maquina,"App\Modulos\Usuario\Controllers\UsuarioController",ListarMaquinas,USUARIO,UsuarioService,USUARIOROL,RW,HEURISTICO_MODULO
POST,/api/usuario/{tnUsuario}/maquina,"App\Modulos\Usuario\Controllers\UsuarioController",AsignarMaquina,USUARIO,UsuarioService,ROL,W,HEURISTICO_MODULO
POST,/api/usuario/{tnUsuario}/maquina,"App\Modulos\Usuario\Controllers\UsuarioController",AsignarMaquina,USUARIO,UsuarioService,USUARIO,RW,HEURISTICO_MODULO
POST,/api/usuario/{tnUsuario}/maquina,"App\Modulos\Usuario\Controllers\UsuarioController",AsignarMaquina,USUARIO,UsuarioService,USUARIOMAQUINA,RW,HEURISTICO_MODULO
POST,/api/usuario/{tnUsuario}/maquina,"App\Modulos\Usuario\Controllers\UsuarioController",AsignarMaquina,USUARIO,UsuarioService,USUARIOROL,RW,HEURISTICO_MODULO
DELETE,/api/usuario/{tnUsuario}/maquina/{tnMaquina},"App\Modulos\Usuario\Controllers\UsuarioController",QuitarMaquina,USUARIO,UsuarioService,ROL,W,HEURISTICO_MODULO
DELETE,/api/usuario/{tnUsuario}/maquina/{tnMaquina},"App\Modulos\Usuario\Controllers\UsuarioController",QuitarMaquina,USUARIO,UsuarioService,USUARIO,RW,HEURISTICO_MODULO
DELETE,/api/usuario/{tnUsuario}/maquina/{tnMaquina},"App\Modulos\Usuario\Controllers\UsuarioController",QuitarMaquina,USUARIO,UsuarioService,USUARIOMAQUINA,RW,HEURISTICO_MODULO
DELETE,/api/usuario/{tnUsuario}/maquina/{tnMaquina},"App\Modulos\Usuario\Controllers\UsuarioController",QuitarMaquina,USUARIO,UsuarioService,USUARIOROL,RW,HEURISTICO_MODULO
GET,/api/usuario/{tnUsuario}/rol,"App\Modulos\Usuario\Controllers\UsuarioController",ListarRoles,USUARIO,UsuarioService,ROL,W,HEURISTICO_MODULO
GET,/api/usuario/{tnUsuario}/rol,"App\Modulos\Usuario\Controllers\UsuarioController",ListarRoles,USUARIO,UsuarioService,USUARIO,RW,HEURISTICO_MODULO
GET,/api/usuario/{tnUsuario}/rol,"App\Modulos\Usuario\Controllers\UsuarioController",ListarRoles,USUARIO,UsuarioService,USUARIOMAQUINA,RW,HEURISTICO_MODULO
GET,/api/usuario/{tnUsuario}/rol,"App\Modulos\Usuario\Controllers\UsuarioController",ListarRoles,USUARIO,UsuarioService,USUARIOROL,RW,HEURISTICO_MODULO
PUT,/api/usuario/{tnUsuario}/rol,"App\Modulos\Usuario\Controllers\UsuarioController",ActualizarRoles,USUARIO,UsuarioService,ROL,W,HEURISTICO_MODULO
PUT,/api/usuario/{tnUsuario}/rol,"App\Modulos\Usuario\Controllers\UsuarioController",ActualizarRoles,USUARIO,UsuarioService,USUARIO,RW,HEURISTICO_MODULO
PUT,/api/usuario/{tnUsuario}/rol,"App\Modulos\Usuario\Controllers\UsuarioController",ActualizarRoles,USUARIO,UsuarioService,USUARIOMAQUINA,RW,HEURISTICO_MODULO
PUT,/api/usuario/{tnUsuario}/rol,"App\Modulos\Usuario\Controllers\UsuarioController",ActualizarRoles,USUARIO,UsuarioService,USUARIOROL,RW,HEURISTICO_MODULO
GET,/api/venta,"App\Modulos\Venta\Controllers\VentaController",Listar,VENTA,VentaReversaService,,,HEURISTICO_MODULO
GET,/api/venta,"App\Modulos\Venta\Controllers\VentaController",Listar,VENTA,VentaService,CELDA,R,HEURISTICO_MODULO
GET,/api/venta,"App\Modulos\Venta\Controllers\VentaController",Listar,VENTA,VentaService,EXISTENCIACELDA,W,HEURISTICO_MODULO
GET,/api/venta,"App\Modulos\Venta\Controllers\VentaController",Listar,VENTA,VentaService,MAQUINA,R,HEURISTICO_MODULO
GET,/api/venta,"App\Modulos\Venta\Controllers\VentaController",Listar,VENTA,VentaService,PLANOGRAMA,R,HEURISTICO_MODULO
GET,/api/venta,"App\Modulos\Venta\Controllers\VentaController",Listar,VENTA,VentaService,PLANOGRAMACELDA,R,HEURISTICO_MODULO
GET,/api/venta,"App\Modulos\Venta\Controllers\VentaController",Listar,VENTA,VentaService,VENTA,RW,HEURISTICO_MODULO
GET,/api/venta,"App\Modulos\Venta\Controllers\VentaController",Listar,VENTA,VentaService,VENTAREVERSA,W,HEURISTICO_MODULO
POST,/api/venta,"App\Modulos\Venta\Controllers\VentaController",Crear,VENTA,VentaReversaService,,,HEURISTICO_MODULO
POST,/api/venta,"App\Modulos\Venta\Controllers\VentaController",Crear,VENTA,VentaService,CELDA,R,HEURISTICO_MODULO
POST,/api/venta,"App\Modulos\Venta\Controllers\VentaController",Crear,VENTA,VentaService,EXISTENCIACELDA,W,HEURISTICO_MODULO
POST,/api/venta,"App\Modulos\Venta\Controllers\VentaController",Crear,VENTA,VentaService,MAQUINA,R,HEURISTICO_MODULO
POST,/api/venta,"App\Modulos\Venta\Controllers\VentaController",Crear,VENTA,VentaService,PLANOGRAMA,R,HEURISTICO_MODULO
POST,/api/venta,"App\Modulos\Venta\Controllers\VentaController",Crear,VENTA,VentaService,PLANOGRAMACELDA,R,HEURISTICO_MODULO
POST,/api/venta,"App\Modulos\Venta\Controllers\VentaController",Crear,VENTA,VentaService,VENTA,RW,HEURISTICO_MODULO
POST,/api/venta,"App\Modulos\Venta\Controllers\VentaController",Crear,VENTA,VentaService,VENTAREVERSA,W,HEURISTICO_MODULO
GET,/api/venta/maquina/{tnMaquina},"App\Modulos\Venta\Controllers\VentaController",ListarPorMaquina,VENTA,VentaReversaService,,,HEURISTICO_MODULO
GET,/api/venta/maquina/{tnMaquina},"App\Modulos\Venta\Controllers\VentaController",ListarPorMaquina,VENTA,VentaService,CELDA,R,HEURISTICO_MODULO
GET,/api/venta/maquina/{tnMaquina},"App\Modulos\Venta\Controllers\VentaController",ListarPorMaquina,VENTA,VentaService,EXISTENCIACELDA,W,HEURISTICO_MODULO
GET,/api/venta/maquina/{tnMaquina},"App\Modulos\Venta\Controllers\VentaController",ListarPorMaquina,VENTA,VentaService,MAQUINA,R,HEURISTICO_MODULO
GET,/api/venta/maquina/{tnMaquina},"App\Modulos\Venta\Controllers\VentaController",ListarPorMaquina,VENTA,VentaService,PLANOGRAMA,R,HEURISTICO_MODULO
GET,/api/venta/maquina/{tnMaquina},"App\Modulos\Venta\Controllers\VentaController",ListarPorMaquina,VENTA,VentaService,PLANOGRAMACELDA,R,HEURISTICO_MODULO
GET,/api/venta/maquina/{tnMaquina},"App\Modulos\Venta\Controllers\VentaController",ListarPorMaquina,VENTA,VentaService,VENTA,RW,HEURISTICO_MODULO
GET,/api/venta/maquina/{tnMaquina},"App\Modulos\Venta\Controllers\VentaController",ListarPorMaquina,VENTA,VentaService,VENTAREVERSA,W,HEURISTICO_MODULO
POST,/api/venta/reversa,"App\Modulos\Venta\Controllers\VentaController",Reversar,VENTA,VentaReversaService,,,HEURISTICO_MODULO
POST,/api/venta/reversa,"App\Modulos\Venta\Controllers\VentaController",Reversar,VENTA,VentaService,CELDA,R,HEURISTICO_MODULO
POST,/api/venta/reversa,"App\Modulos\Venta\Controllers\VentaController",Reversar,VENTA,VentaService,EXISTENCIACELDA,W,HEURISTICO_MODULO
POST,/api/venta/reversa,"App\Modulos\Venta\Controllers\VentaController",Reversar,VENTA,VentaService,MAQUINA,R,HEURISTICO_MODULO
POST,/api/venta/reversa,"App\Modulos\Venta\Controllers\VentaController",Reversar,VENTA,VentaService,PLANOGRAMA,R,HEURISTICO_MODULO
POST,/api/venta/reversa,"App\Modulos\Venta\Controllers\VentaController",Reversar,VENTA,VentaService,PLANOGRAMACELDA,R,HEURISTICO_MODULO
POST,/api/venta/reversa,"App\Modulos\Venta\Controllers\VentaController",Reversar,VENTA,VentaService,VENTA,RW,HEURISTICO_MODULO
POST,/api/venta/reversa,"App\Modulos\Venta\Controllers\VentaController",Reversar,VENTA,VentaService,VENTAREVERSA,W,HEURISTICO_MODULO
